Piezo 1,Piezo 2,MQ2,MQ135,ACCELX,ACCELY,ACCELZ,PITCH,ROLL,YAW,WATER,HUMIDITY,TEMPERATURE,STATUS
0,0,88,88,5.6,-7.59,3.06,0,0,0,0,36,28,IDLE
0,0,88,88,5.64,-7.54,2.98,0,0,0,0,40,32,IDLE
0,0,88,87,5.69,-7.55,3.01,0,0,0,0,40,31,IDLE
0,0,87,86,5.65,-7.57,3.07,0,0,0,0,40,31,IDLE
0,0,88,89,5.68,-7.51,3.08,0,0,0,0,39,31,IDLE
0,0,87,87,5.65,-7.54,3.05,0,0,0,0,40,31,IDLE
0,0,87,87,5.68,-7.59,3.11,0,0,0,0,40,31,IDLE
0,0,86,87,5.62,-7.57,3.11,0,0,0,0,40,31,IDLE
0,0,87,87,5.6,-7.57,3,0,0,0,0,40,31,IDLE
0,0,86,86,5.63,-7.57,3.01,0,0,0,0,40,32,IDLE
0,0,85,86,5.66,-7.56,2.97,0,0,0,0,40,32,IDLE
0,0,86,85,5.63,-7.58,3.06,0,0,0,0,39,32,IDLE
0,0,85,87,5.6,-7.63,3.03,0,0,0,0,40,32,IDLE
0,0,86,86,5.56,-7.59,3.01,0,0,0,0,39,31,IDLE
0,0,86,87,5.69,-7.56,3.08,0,0,0,0,39,31,IDLE
0,0,86,86,5.57,-7.56,3.1,0,0,0,0,40,32,IDLE
0,0,85,86,5.69,-7.58,3.05,0,0,0,0,40,31,IDLE
0,0,85,85,5.58,-7.57,3.04,0,0,0,0,40,31,IDLE
0,0,85,85,5.64,-7.59,3.13,0,0,0,0,38,28,IDLE
0,0,83,85,5.65,-7.56,3.12,0,0,0,0,40,31,IDLE
0,0,85,85,5.67,-7.64,3.02,0,0,0,0,40,31,IDLE
0,0,84,86,5.67,-7.63,3.1,0,0,0,0,39,31,IDLE
0,0,85,84,5.63,-7.57,3.01,0,0,0,0,39,31,IDLE
0,0,84,85,5.63,-7.57,2.98,0,0,0,1,32,26,IDLE
0,0,84,86,5.63,-7.61,3.01,0,0,0,0,40,31,IDLE
0,0,84,83,5.57,-7.59,3.07,0,0,0,0,39,31,IDLE
0,0,84,84,5.61,-7.6,3.17,0,0,0,0,38,33,IDLE
0,0,84,84,5.63,-7.62,3.12,0,0,0,0,40,31,IDLE
0,0,85,84,5.69,-7.51,3.09,0,0,0,0,40,32,IDLE
0,0,84,85,5.74,-7.55,3.05,0,0,0,0,39,31,IDLE
0,0,84,84,5.62,-7.53,2.96,0,0,0,0,32,26,IDLE
0,0,80,85,5.64,-7.57,2.98,0,0,0,0,39,32,IDLE
0,0,84,84,5.7,-7.58,3.1,0,0,0,0,32,26,IDLE
0,0,84,84,5.66,-7.6,3.07,0,0,0,0,39,32,IDLE
0,0,84,84,5.64,-7.57,3.06,0,0,0,0,39,31,IDLE
0,0,84,84,5.73,-7.57,3.02,0,0,0,0,40,32,IDLE
0,0,84,85,5.58,-7.58,3.13,0,0,0,0,39,32,IDLE
0,0,84,83,5.6,-7.51,3.13,0,0,0,0,40,31,IDLE
0,0,84,83,5.68,-7.53,3.17,0,0,0,0,37,28,IDLE
0,0,84,84,5.63,-7.56,3.18,0,0,0,0,40,31,IDLE
0,0,83,82,5.63,-7.61,3.07,0,0,0,0,37,28,IDLE
0,0,82,83,5.72,-7.63,3.07,0,0,0,0,40,31,IDLE
0,0,82,83,5.65,-7.55,3.22,0,0,0,0,41,30,IDLE
0,0,83,84,5.68,-7.61,3.05,0,0,0,0,40,31,IDLE
0,0,84,85,5.58,-7.57,3.04,0,0,0,0,40,31,IDLE
0,0,82,83,5.59,-7.57,3.06,0,0,0,0,41,30,IDLE
0,0,83,83,5.64,-7.57,3.2,0,0,0,0,38,27,IDLE
0,0,82,83,5.64,-7.6,3.11,0,0,0,0,38,27,IDLE
0,0,82,81,5.64,-7.57,3.11,0,0,0,0,39,31,IDLE
0,0,83,82,5.7,-7.58,3.15,0,0,0,0,38,27,IDLE
0,0,81,83,5.66,-7.6,3.17,0,0,0,0,38,27,IDLE
0,0,83,83,5.63,-7.58,3.07,0,0,0,0,40,31,IDLE
0,0,83,83,5.65,-7.58,3.07,0,0,0,0,39,32,IDLE
0,0,83,84,5.62,-7.53,3.06,0,0,0,3,41,30,IDLE
0,0,83,83,5.65,-7.54,3.08,0,0,0,0,34,25,IDLE
0,0,82,82,5.59,-7.6,3.13,0,0,0,0,39,31,IDLE
0,0,83,83,5.61,-7.59,3.08,0,0,0,0,39,31,IDLE
0,0,84,82,5.59,-7.59,3.12,0,0,0,0,39,31,IDLE
0,0,83,83,5.66,-7.57,3,0,0,0,0,39,31,IDLE
0,0,84,81,5.63,-7.53,3.1,0,0,0,0,40,31,IDLE
0,0,82,83,5.61,-7.54,3.13,0,0,0,0,39,31,IDLE
0,0,82,82,5.65,-7.5,3.08,0,0,0,0,34,27,IDLE
0,0,82,83,5.64,-7.59,3.11,0,0,0,0,39,31,IDLE
0,0,82,82,5.64,-7.56,3.05,0,0,0,0,38,27,IDLE
0,0,84,81,5.64,-7.59,3.09,0,0,0,0,39,31,IDLE
0,0,83,81,5.64,-7.55,3.21,0,0,0,0,40,31,IDLE
0,0,82,82,5.67,-7.6,3.03,0,0,0,0,39,31,IDLE
0,0,82,83,5.56,-7.59,3.11,0,0,0,0,37,27,IDLE
0,0,82,82,5.64,-7.59,3.12,0,0,0,0,40,31,IDLE
0,0,83,82,5.65,-7.59,3.15,0,0,0,0,39,31,IDLE
0,0,82,82,5.72,-7.6,2.97,0,0,0,0,39,32,IDLE
0,0,82,82,5.62,-7.52,3.07,0,0,0,0,40,31,IDLE
0,0,82,82,5.69,-7.57,3.03,0,0,0,0,39,32,IDLE
0,0,83,82,5.58,-7.57,3.07,0,0,0,0,39,32,IDLE
0,0,83,80,5.62,-7.56,3.05,0,0,0,0,40,31,IDLE
0,0,82,82,5.64,-7.6,3.04,0,0,0,0,40,31,IDLE
0,0,82,83,5.62,-7.51,3.16,0,0,0,0,39,31,IDLE
0,0,81,83,5.61,-7.54,3.26,0,0,0,1,40,31,IDLE
0,0,82,82,5.64,-7.53,3.11,0,0,0,0,39,31,IDLE
0,0,82,82,5.66,-7.55,3.12,0,0,0,0,39,31,IDLE
0,0,81,80,5.61,-7.51,3.05,0,0,0,0,39,31,IDLE
0,0,82,82,5.56,-7.57,3.05,0,0,0,0,40,31,IDLE
0,0,80,82,5.63,-7.5,3.12,0,0,0,0,39,31,IDLE
0,0,81,81,5.63,-7.61,3.18,0,0,0,0,40,32,IDLE
0,0,82,82,5.67,-7.57,3.1,0,0,0,0,30,25,IDLE
0,0,80,81,5.62,-7.59,3.04,0,0,0,0,39,31,IDLE
0,0,82,82,5.6,-7.56,3.07,0,0,0,0,39,31,IDLE
0,0,82,82,5.67,-7.59,3.1,0,0,0,0,40,31,IDLE
0,0,81,82,5.69,-7.56,3.13,0,0,0,0,30,26,IDLE
0,0,82,82,5.64,-7.57,3.21,0,0,0,0,37,28,IDLE
0,0,81,82,5.64,-7.57,3.1,0,0,0,0,39,31,IDLE
0,0,80,81,5.66,-7.6,3.1,0,0,0,0,40,31,IDLE
0,0,81,81,5.63,-7.54,3.07,0,0,0,0,39,31,IDLE
0,0,81,82,5.69,-7.56,3.11,0,0,0,0,40,31,IDLE
0,0,82,82,5.66,-7.53,3.07,0,0,0,0,40,31,IDLE
0,0,81,82,5.62,-7.59,3.11,0,0,0,0,40,31,IDLE
0,0,82,81,5.65,-7.52,3.08,0,0,0,0,40,32,IDLE
0,0,82,81,5.63,-7.6,3.21,0,0,0,0,40,31,IDLE
0,0,82,80,5.64,-7.6,3.11,0,0,0,0,40,31,IDLE
0,0,83,82,5.6,-7.55,3.11,0,0,0,0,41,30,IDLE
0,0,82,82,5.6,-7.5,3.13,0,0,0,0,40,31,IDLE
0,0,82,81,5.65,-7.55,3.12,0,0,0,0,39,31,IDLE
0,0,80,82,5.68,-7.56,3.23,0,0,0,0,39,31,IDLE
0,0,82,81,5.67,-7.55,3.1,0,0,0,0,40,31,IDLE
0,0,82,82,5.65,-7.51,3.13,0,0,0,0,39,27,IDLE
0,0,81,81,5.63,-7.61,3.05,0,0,0,0,40,31,IDLE
0,0,80,82,5.62,-7.59,3.03,0,0,0,0,39,31,IDLE
0,0,82,82,5.61,-7.58,3.13,0,0,0,0,41,30,IDLE
0,0,82,81,5.64,-7.53,3.07,0,0,0,0,40,31,IDLE
0,0,81,82,5.63,-7.57,3.18,0,0,0,0,40,31,IDLE
0,0,81,82,5.62,-7.56,3.11,0,0,0,0,40,31,IDLE
0,0,82,80,5.64,-7.57,3.14,0,0,0,0,39,31,IDLE
0,0,82,81,5.64,-7.55,3.13,0,0,0,0,40,31,IDLE
0,0,83,81,5.65,-7.63,3.11,0,0,0,0,39,31,IDLE
0,0,82,82,5.61,-7.54,3.07,0,0,0,0,40,31,IDLE
0,0,82,83,5.65,-7.59,3.13,0,0,0,0,40,31,IDLE
0,0,81,81,5.66,-7.52,3.02,0,0,0,0,41,30,IDLE
0,0,80,81,5.72,-7.55,3.09,0,0,0,0,40,31,IDLE
0,0,81,81,5.68,-7.53,3.14,0,0,0,0,38,27,IDLE
0,0,82,83,5.67,-7.6,3.04,0,0,0,0,40,31,IDLE
0,0,81,82,5.57,-7.57,3.1,0,0,0,0,39,31,IDLE
0,0,81,81,5.64,-7.56,3.07,0,0,0,0,39,31,IDLE
0,0,81,81,5.58,-7.64,3.14,0,0,0,0,38,27,IDLE
0,0,81,80,5.64,-7.56,3.07,0,0,0,0,39,31,IDLE
0,0,83,81,5.67,-7.59,3.14,0,0,0,0,40,31,IDLE
0,0,81,81,5.62,-7.52,3.05,0,0,0,0,39,31,IDLE
0,0,80,81,5.62,-7.6,3.12,0,0,0,0,39,31,IDLE
0,0,81,81,5.61,-7.59,3.06,0,0,0,0,39,31,IDLE
0,0,82,80,5.64,-7.56,3.07,0,0,0,0,39,31,IDLE
0,0,82,81,5.62,-7.61,3.12,0,0,0,0,40,32,IDLE
0,0,80,82,5.62,-7.54,3.07,0,0,0,0,40,31,IDLE
0,0,80,80,5.64,-7.58,3.08,0,0,0,0,39,31,IDLE
0,0,80,81,5.65,-7.6,3.13,0,0,0,0,40,31,IDLE
0,0,80,81,5.66,-7.6,3.07,0,0,0,0,40,31,IDLE
0,0,80,80,5.63,-7.55,3.12,0,0,0,0,40,31,IDLE
0,0,81,84,5.69,-7.55,3.09,0,0,0,0,40,31,IDLE
0,0,80,81,5.57,-7.55,3.08,0,0,0,0,40,31,IDLE
0,0,81,81,5.62,-7.58,3.05,0,0,0,0,40,31,IDLE
0,0,82,80,5.65,-7.56,3.01,0,0,0,1,40,31,IDLE
0,0,81,80,5.65,-7.62,3.11,0,0,0,0,39,31,IDLE
0,0,82,80,5.67,-7.6,3.1,0,0,0,0,40,32,IDLE
0,0,80,81,5.61,-7.6,3.21,0,0,0,0,39,32,IDLE
0,0,81,80,5.65,-7.57,3.11,0,0,0,0,40,31,IDLE
0,0,80,81,5.61,-7.59,3.15,0,0,0,0,40,31,IDLE
0,0,81,80,5.72,-7.61,3.13,0,0,0,0,40,30,IDLE
0,0,80,80,5.62,-7.57,3.09,0,0,0,0,39,31,IDLE
0,0,79,81,5.63,-7.52,3.08,0,0,0,0,37,28,IDLE
0,0,82,80,5.65,-7.62,3.09,0,0,0,0,40,31,IDLE
0,0,81,83,5.62,-7.59,3.09,0,0,0,0,39,28,IDLE
0,0,81,80,5.61,-7.6,3.14,0,0,0,0,40,31,IDLE
0,0,80,80,5.66,-7.59,3.06,0,0,0,0,40,31,IDLE
0,0,80,82,5.68,-7.55,3.21,0,0,0,0,40,31,IDLE
0,0,80,78,5.58,-7.57,3.14,0,0,0,0,41,30,IDLE
0,0,82,81,5.63,-7.54,3.07,0,0,0,0,36,27,IDLE
0,0,82,81,5.69,-7.59,3.18,0,0,0,0,40,31,IDLE
0,0,81,81,5.66,-7.59,3.14,0,0,0,0,39,31,IDLE
0,0,80,81,5.63,-7.53,3.11,0,0,0,0,39,25,IDLE
0,0,80,80,5.59,-7.56,3.05,0,0,0,0,40,31,IDLE
0,0,80,81,5.62,-7.55,3.12,0,0,0,0,39,31,IDLE
0,0,81,81,5.6,-7.59,3.05,0,0,0,0,39,31,IDLE
0,0,80,80,5.7,-7.58,3.13,0,0,0,0,38,27,IDLE
0,0,80,81,5.6,-7.61,3.11,0,0,0,0,37,27,IDLE
0,0,80,81,5.64,-7.53,3.12,0,0,0,0,39,31,IDLE
0,0,78,81,5.62,-7.56,3.12,0,0,0,0,37,28,IDLE
0,0,81,81,5.64,-7.51,3.03,0,0,0,0,40,31,IDLE
0,0,79,80,5.62,-7.52,3.05,0,0,0,0,40,31,IDLE
0,0,80,80,5.68,-7.49,3.12,0,0,0,0,40,31,IDLE
0,0,80,82,5.6,-7.55,3.13,0,0,0,0,40,32,IDLE
0,0,80,80,5.59,-7.58,3.1,0,0,0,0,41,32,IDLE
0,0,76,81,5.61,-7.56,3.13,0,0,0,0,37,28,IDLE
0,0,80,80,5.62,-7.56,3.16,0,0,0,0,39,31,IDLE
0,0,78,80,5.64,-7.51,3.1,0,0,0,0,39,31,IDLE
0,0,80,81,5.62,-7.57,3.15,0,0,0,0,40,31,IDLE
0,0,80,79,5.65,-7.55,3.08,0,0,0,0,40,32,IDLE
0,0,80,80,5.68,-7.53,3.14,0,0,0,0,40,31,IDLE
0,0,80,81,5.67,-7.54,3.14,0,0,0,0,39,31,IDLE
0,0,80,80,5.65,-7.6,3.15,0,0,0,0,42,30,IDLE
0,0,80,81,5.7,-7.57,3.16,0,0,0,0,40,31,IDLE
0,0,78,80,5.6,-7.58,3.17,0,0,0,0,39,31,IDLE
0,0,81,80,5.64,-7.59,3.1,0,0,0,0,40,31,IDLE
0,0,80,81,5.68,-7.58,3.11,0,0,0,0,41,31,IDLE
0,0,80,80,5.62,-7.62,3.03,0,0,0,0,37,28,IDLE
0,0,80,79,5.62,-7.63,3.11,0,0,0,0,39,32,IDLE
0,0,80,80,5.68,-7.56,3.21,0,0,0,0,36,27,IDLE
0,0,78,81,5.69,-7.59,3.16,0,0,0,0,41,30,IDLE
0,0,82,80,5.65,-7.58,3.13,0,0,0,0,39,31,IDLE
0,0,80,81,5.59,-7.57,3.25,0,0,0,0,40,31,IDLE
0,0,80,80,5.59,-7.59,3.1,0,0,0,0,39,31,IDLE
0,0,80,80,5.68,-7.58,3.12,0,0,0,0,40,31,IDLE
0,0,81,78,5.65,-7.62,3.06,0,0,0,0,36,27,IDLE
0,0,80,81,5.64,-7.55,3.23,0,0,0,0,40,31,IDLE
0,0,80,80,5.64,-7.55,3.18,0,0,0,0,39,31,IDLE
0,0,80,80,5.64,-7.57,3.01,0,0,0,0,36,27,IDLE
0,0,80,80,5.66,-7.57,3.07,0,0,0,0,39,31,IDLE
0,0,79,80,5.64,-7.53,3.12,0,0,0,0,39,31,IDLE
0,0,80,81,5.6,-7.58,3.18,0,0,0,0,40,31,IDLE
0,0,80,79,5.59,-7.59,3.16,0,0,0,0,39,32,IDLE
0,0,80,80,5.61,-7.54,3.23,0,0,0,0,40,31,IDLE
0,0,78,80,5.65,-7.53,3.2,0,0,0,0,41,30,IDLE
0,0,82,80,5.65,-7.54,3.17,0,0,0,0,39,31,IDLE
0,0,80,79,5.61,-7.59,3.11,0,0,0,0,40,31,IDLE
0,0,80,80,5.62,-7.58,3.16,0,0,0,0,40,31,IDLE
0,0,81,80,5.66,-7.52,3.16,0,0,0,0,40,32,IDLE
0,0,80,80,5.67,-7.52,3.09,0,0,0,0,40,31,IDLE
0,0,80,80,5.62,-7.58,2.99,0,0,0,0,40,32,IDLE
0,0,80,80,5.62,-7.58,3.13,0,0,0,0,40,31,IDLE
0,0,80,78,5.6,-7.56,3.1,0,0,0,0,39,31,IDLE
0,0,82,80,5.67,-7.53,3.04,0,0,0,1,40,31,IDLE
0,0,78,80,5.64,-7.57,3.12,0,0,0,0,40,31,IDLE
0,0,81,80,5.6,-7.59,3.06,0,0,0,0,40,32,IDLE
0,0,81,81,5.61,-7.55,3.13,0,0,0,0,40,32,IDLE
0,0,80,80,5.57,-7.57,3.21,0,0,0,0,38,28,IDLE
0,0,81,80,5.62,-7.58,3.01,0,0,0,0,40,31,IDLE
0,0,80,80,5.63,-7.52,3.07,0,0,0,0,40,31,IDLE
0,0,80,80,5.62,-7.48,3.09,0,0,0,0,41,30,IDLE
0,0,79,78,5.58,-7.57,3.19,0,0,0,0,41,30,IDLE
0,0,80,80,5.63,-7.54,3.11,0,0,0,0,40,31,IDLE
0,0,80,80,5.73,-7.59,3.15,0,0,0,0,40,32,IDLE
0,0,80,81,5.63,-7.6,3.12,0,0,0,0,40,31,IDLE
0,0,80,79,5.64,-7.59,3.2,0,0,0,0,39,31,IDLE
0,0,80,80,5.62,-7.54,3.06,0,0,0,0,40,31,IDLE
0,0,79,81,5.64,-7.59,3.07,0,0,0,0,40,31,IDLE
0,0,80,79,5.67,-7.56,3.1,0,0,0,0,40,31,IDLE
0,0,80,78,5.66,-7.53,3.08,0,0,0,0,40,31,IDLE
0,0,78,80,5.66,-7.58,3.07,0,0,0,0,39,31,IDLE
0,0,79,79,5.68,-7.51,3.18,0,0,0,0,39,31,IDLE
0,0,79,79,5.65,-7.58,3.12,0,0,0,0,40,30,IDLE
0,0,80,79,5.67,-7.61,3.07,0,0,0,0,40,31,IDLE
0,0,78,79,5.67,-7.54,3.09,0,0,0,0,40,31,IDLE
0,0,79,81,5.6,-7.52,3.16,0,0,0,0,39,31,IDLE
0,0,79,80,5.63,-7.55,3.18,0,0,0,0,40,31,IDLE
0,0,81,78,5.69,-7.6,3.04,0,0,0,0,35,27,IDLE
0,0,80,79,5.62,-7.58,3.11,0,0,0,1,40,31,IDLE
0,0,80,81,5.65,-7.55,3.17,0,0,0,0,39,31,IDLE
0,0,79,79,5.59,-7.55,3.13,0,0,0,0,40,31,IDLE
0,0,78,79,5.63,-7.62,3.19,0,0,0,0,39,31,IDLE
0,0,80,80,5.63,-7.52,3.09,0,0,0,0,39,31,IDLE
0,0,79,80,5.57,-7.59,3.23,0,0,0,0,40,31,IDLE
0,0,80,81,5.71,-7.62,3.01,0,0,0,0,40,31,IDLE
0,0,79,79,5.62,-7.55,3.13,0,0,0,0,40,31,IDLE
0,0,80,79,5.58,-7.58,3.17,0,0,0,0,40,31,IDLE
0,0,79,79,5.6,-7.55,3.14,0,0,0,0,40,31,IDLE
0,0,80,82,5.67,-7.59,3.19,0,0,0,0,40,31,IDLE
0,0,80,79,5.59,-7.59,3.09,0,0,0,0,40,31,IDLE
0,0,79,79,5.63,-7.56,3.13,0,0,0,0,36,27,IDLE
0,0,79,80,5.69,-7.56,3.17,0,0,0,0,37,27,IDLE
0,0,79,79,5.65,-7.55,3.15,0,0,0,0,40,31,IDLE
0,0,80,79,5.63,-7.53,3.2,0,0,0,0,40,31,IDLE
0,0,79,79,5.65,-7.56,3.14,0,0,0,0,37,27,IDLE
0,0,80,81,5.61,-7.63,3.15,0,0,0,0,40,31,IDLE
0,0,79,79,5.55,-7.57,3.15,0,0,0,0,40,31,IDLE
0,0,79,80,5.65,-7.55,3.02,0,0,0,0,40,31,IDLE
0,0,79,78,5.67,-7.51,3.16,0,0,0,0,39,31,IDLE
0,0,80,80,5.66,-7.54,3.15,0,0,0,0,40,31,IDLE
0,0,79,79,5.66,-7.54,3.06,0,0,0,0,40,31,IDLE
0,0,79,81,5.58,-7.63,3.09,0,0,0,0,37,27,IDLE
0,0,79,79,5.62,-7.58,3.18,0,0,0,0,39,31,IDLE
0,0,77,79,5.65,-7.63,3.13,0,0,0,0,40,31,IDLE
0,0,80,79,5.62,-7.57,3.07,0,0,0,0,39,32,IDLE
0,0,79,80,5.69,-7.55,3.07,0,0,0,0,39,31,IDLE
0,0,79,79,5.63,-7.59,3.18,0,0,0,0,40,31,IDLE
0,0,79,79,5.67,-7.56,3.1,0,0,0,0,39,31,IDLE
0,0,78,79,5.68,-7.55,3.15,0,0,0,0,40,31,IDLE
0,0,81,79,5.68,-7.58,3.1,0,0,0,0,39,31,IDLE
0,1,79,79,5.61,-7.57,3.09,0,0,0,0,40,32,IDLE
0,1,82,79,5.62,-7.56,3.17,0,0,0,0,40,31,IDLE
0,0,79,79,5.66,-7.56,3.1,0,0,0,0,40,31,IDLE
0,0,79,79,5.66,-7.6,3.13,0,0,0,0,39,31,IDLE
0,0,77,79,5.66,-7.57,3.15,0,0,0,0,40,31,IDLE
0,0,78,79,5.65,-7.56,3.21,0,0,0,0,41,30,IDLE
0,0,79,81,5.64,-7.55,3.19,0,0,0,0,40,31,IDLE
0,1,79,78,5.64,-7.52,3.17,0,0,0,0,40,32,IDLE
0,0,81,79,5.65,-7.55,3.2,0,0,0,0,40,32,IDLE
0,3,79,79,5.67,-7.55,3.06,0,0,0,0,40,31,IDLE
0,1,79,79,5.6,-7.6,3.2,0,0,0,0,40,32,IDLE
0,1,79,79,5.61,-7.46,3.17,0,0,0,0,40,31,IDLE
0,0,79,79,5.63,-7.53,3.09,0,0,0,0,39,31,IDLE
0,0,78,79,5.61,-7.57,3.19,0,0,0,0,40,31,IDLE
0,0,77,79,5.6,-7.55,3.15,0,0,0,0,39,33,IDLE
0,0,79,79,5.61,-7.52,3.21,0,0,0,0,40,32,IDLE
0,3,78,79,5.68,-7.59,3,0,0,0,0,40,31,IDLE
0,2,79,78,5.65,-7.53,3.05,0,0,0,0,40,31,IDLE
0,1,79,79,5.67,-7.57,3.07,0,0,0,0,36,28,IDLE
0,0,79,79,5.63,-7.52,3.18,0,0,0,0,39,31,IDLE
0,1,79,81,5.62,-7.57,3.16,0,0,0,0,41,31,IDLE
0,0,78,77,5.7,-7.57,3.12,0,0,0,0,39,31,IDLE
0,1,81,78,5.63,-7.62,3.14,0,0,0,0,41,30,IDLE
0,2,79,78,5.61,-7.55,3.18,0,0,0,0,40,31,IDLE
0,0,78,79,5.64,-7.52,3.16,0,0,0,0,40,31,IDLE
0,2,79,78,5.69,-7.65,3.11,0,0,0,0,40,31,IDLE
0,2,79,79,5.64,-7.56,3.15,0,0,0,0,40,30,IDLE
0,1,79,79,5.59,-7.59,3.13,0,0,0,0,39,31,IDLE
0,2,79,79,5.69,-7.54,3.21,0,0,0,0,39,31,IDLE
0,1,79,78,5.64,-7.51,3.14,0,0,0,0,40,31,IDLE
0,1,79,79,5.67,-7.51,3.09,0,0,0,0,41,31,IDLE
0,0,79,79,5.68,-7.6,3.09,0,0,0,0,36,27,IDLE
0,3,79,79,5.67,-7.57,3.06,0,0,0,0,36,27,IDLE
0,5,80,78,5.64,-7.52,3.21,0,0,0,0,40,31,IDLE
0,3,79,79,5.67,-7.56,3.14,0,0,0,0,39,31,IDLE
0,2,78,77,5.62,-7.6,3.13,0,0,0,0,42,30,IDLE
0,2,79,79,5.59,-7.57,3.09,0,0,0,0,39,31,IDLE
0,3,79,77,5.6,-7.59,3.04,0,0,0,0,40,31,IDLE
0,5,79,79,5.65,-7.55,3.15,0,0,0,0,40,31,IDLE
0,4,79,79,5.59,-7.53,3.18,0,0,0,0,39,31,IDLE
0,4,79,78,5.6,-7.57,3.2,0,0,0,0,40,31,IDLE
0,4,79,79,5.6,-7.57,3.15,0,0,0,0,37,27,IDLE
0,4,78,78,5.68,-7.57,3.06,0,0,0,0,40,31,IDLE
0,5,79,78,5.62,-7.57,3.26,0,0,0,0,40,31,IDLE
0,5,78,79,5.64,-7.54,3.23,0,0,0,0,40,30,IDLE
0,5,79,79,5.62,-7.55,3.13,0,0,0,0,39,31,IDLE
0,5,79,79,5.65,-7.57,3.17,0,0,0,0,39,31,IDLE
0,5,76,78,5.63,-7.56,3.18,0,0,0,0,40,31,IDLE
0,5,79,77,5.68,-7.53,3.27,0,0,0,0,40,30,IDLE
0,5,79,78,5.64,-7.57,3.21,0,0,0,0,40,31,IDLE
0,6,81,79,5.67,-7.56,3.13,0,0,0,1,39,31,IDLE
0,6,78,79,5.58,-7.59,3.14,0,0,0,0,40,32,IDLE
0,6,79,79,5.69,-7.58,3.17,0,0,0,0,41,30,IDLE
0,5,79,79,5.57,-7.54,3.21,0,0,0,0,39,31,IDLE
0,7,78,77,5.56,-7.58,3.08,0,0,0,0,40,31,IDLE
0,6,78,78,5.68,-7.57,3.1,0,0,0,0,40,32,IDLE
0,6,78,77,5.69,-7.54,3.13,0,0,0,0,38,28,IDLE
0,8,78,79,5.57,-7.55,3.14,0,0,0,0,39,31,IDLE
0,7,78,79,5.67,-7.58,3.07,0,0,0,0,40,31,IDLE
0,8,77,79,5.66,-7.58,3.14,0,0,0,0,40,31,IDLE
0,9,76,78,5.69,-7.61,3.2,0,0,0,0,39,31,IDLE
0,8,78,78,5.69,-7.57,3.1,0,0,0,0,39,31,IDLE
0,7,76,77,5.59,-7.52,3.13,0,0,0,0,39,31,IDLE
0,7,78,78,5.67,-7.55,3.16,0,0,0,0,40,31,IDLE
0,7,78,78,5.64,-7.5,3.17,0,0,0,0,36,27,IDLE
0,7,79,76,5.68,-7.61,3.18,0,0,0,0,40,31,IDLE
0,7,75,78,5.65,-7.57,3.22,0,0,0,0,40,32,IDLE
0,5,78,79,5.62,-7.54,3.17,0,0,0,0,40,31,IDLE
0,4,77,78,5.64,-7.53,3.13,0,0,0,0,40,31,IDLE
0,3,79,79,5.64,-7.55,3.19,0,0,0,0,40,32,IDLE
0,3,79,79,5.67,-7.56,3.2,0,0,0,0,38,28,IDLE
0,2,78,78,5.66,-7.53,3.12,0,0,0,1,40,31,IDLE
0,1,78,78,5.58,-7.6,3.12,0,0,0,0,40,32,IDLE
0,1,77,78,5.59,-7.53,3.19,0,0,0,0,39,31,IDLE
0,0,78,78,5.67,-7.56,3.14,0,0,0,0,40,31,IDLE
0,0,77,76,5.68,-7.57,3.13,0,0,0,0,40,31,IDLE
0,0,77,78,5.57,-7.48,3.19,0,0,0,0,41,30,IDLE
0,0,78,79,5.67,-7.55,3.06,0,0,0,0,39,31,IDLE
0,1,78,77,5.61,-7.54,3.15,0,0,0,0,38,27,IDLE
0,0,78,80,5.62,-7.57,3.11,0,0,0,0,41,32,IDLE
0,0,78,79,5.63,-7.56,3.18,0,0,0,0,41,31,IDLE
0,3,77,76,5.64,-7.53,3.17,0,0,0,0,39,31,IDLE
0,1,77,78,5.64,-7.58,3.11,0,0,0,0,40,31,IDLE
0,1,77,78,5.6,-7.55,3.06,0,0,0,0,40,31,IDLE
0,2,78,78,5.63,-7.59,3.04,0,0,0,1,37,28,IDLE
0,1,78,77,5.6,-7.53,3.11,0,0,0,0,40,31,IDLE
0,3,78,78,5.58,-7.52,3.15,0,0,0,0,40,31,IDLE
0,2,78,77,5.62,-7.56,3.13,0,0,0,0,39,31,IDLE
0,3,77,77,5.65,-7.54,3.18,0,0,0,0,40,31,IDLE
0,3,77,77,5.66,-7.52,3.18,0,0,0,0,39,31,IDLE
0,3,77,79,5.67,-7.53,3.07,0,0,0,0,37,28,IDLE
0,4,78,77,5.67,-7.54,3.14,0,0,0,0,40,30,IDLE
0,3,78,77,5.6,-7.56,3.21,0,0,0,0,40,31,IDLE
0,230,78,78,5.86,-7.86,2.82,0.07,0.07,0,0,39,31,IDLE
0,0,78,78,-0.57,-1,5.89,0.68,1.66,-0.18,0,36,27,IDLE
255,0,77,77,7.99,-3.75,6.8,-0.42,2.64,1.02,0,36,27,IDLE
44,255,76,78,2.73,-9.66,-3.84,-0.42,2.46,0.95,0,39,31,IDLE
214,228,77,77,3.44,-6.92,-4.45,-0.55,2.73,0.95,0,40,31,IDLE
180,236,78,79,6.84,-4.86,-4.62,-0.09,2.67,0.78,1,40,31,IDLE
117,216,77,77,8.57,-3.25,-3.81,-0.17,2.59,0.66,0,40,31,IDLE
78,191,79,77,9.3,-2.5,-3.72,-0.17,2.59,0.66,0,38,28,IDLE
56,167,77,79,9.48,-2.07,-3.81,-0.17,2.59,0.66,0,40,31,IDLE
39,150,78,77,9.6,-1.59,-3.71,-0.17,2.59,0.66,0,37,27,IDLE
14,137,78,77,9.75,-1.31,-3.66,-0.17,2.59,0.66,0,40,31,IDLE
254,121,77,78,9.86,-0.98,-3.4,-0.17,2.59,0.66,0,39,31,IDLE
237,110,78,78,9.74,-0.68,-3.22,-0.17,2.59,0.66,0,40,31,IDLE
227,105,78,78,9.99,-0.38,-3.33,-0.17,2.59,0.66,0,40,31,IDLE
219,96,78,78,9.84,-0.08,-3.25,-0.17,2.59,0.66,0,40,31,IDLE
205,91,78,78,9.93,-0.03,-3.42,-0.17,2.59,0.66,0,38,28,IDLE
198,85,76,79,9.84,-0.08,-3.32,-0.17,2.59,0.66,0,39,31,IDLE
194,81,81,78,9.83,-0.01,-3.32,-0.17,2.59,0.66,0,40,31,IDLE
181,74,80,78,9.83,0.1,-3.4,-0.17,2.59,0.66,0,40,31,IDLE
175,70,83,77,9.84,0.09,-3.41,-0.17,2.59,0.66,0,40,31,IDLE
168,71,82,78,9.8,0.03,-3.35,-0.17,2.59,0.66,1,40,31,IDLE
166,62,76,79,9.74,0.1,-3.48,-0.17,2.59,0.66,0,40,31,IDLE
156,61,79,79,9.77,0.18,-3.45,-0.17,2.59,0.66,0,40,31,IDLE
150,56,79,79,9.85,0.18,-3.51,-0.17,2.59,0.66,0,39,31,IDLE
146,56,79,79,9.83,0.15,-3.4,-0.17,2.59,0.66,0,41,30,IDLE
139,54,79,79,9.8,0.17,-3.43,-0.17,2.59,0.66,0,40,31,IDLE
136,52,79,76,9.76,0.21,-3.35,-0.17,2.59,0.66,0,40,31,IDLE
129,50,77,78,9.83,0.22,-3.56,-0.17,2.59,0.66,0,40,32,IDLE
128,50,79,79,9.79,0.18,-3.51,-0.17,2.59,0.66,0,39,32,IDLE
125,51,76,83,9.83,0.14,-3.5,-0.17,2.59,0.66,0,39,31,IDLE
120,44,77,79,9.78,0.17,-3.57,-0.17,2.59,0.66,0,40,30,IDLE
110,44,77,78,9.77,0.21,-3.47,-0.17,2.59,0.66,0,40,31,IDLE
108,43,79,78,9.81,0.23,-3.49,-0.17,2.59,0.66,0,40,31,IDLE
103,41,78,79,9.71,0.17,-3.42,-0.17,2.59,0.66,0,39,31,IDLE
99,40,79,78,9.72,0.21,-3.64,-0.17,2.59,0.66,0,39,31,IDLE
96,38,79,79,9.8,0.17,-3.39,-0.17,2.59,0.66,0,39,31,IDLE
95,36,77,79,9.84,0.26,-3.46,-0.17,2.59,0.66,0,40,31,IDLE
90,35,80,78,9.8,0.2,-3.49,-0.17,2.59,0.66,0,41,30,IDLE
83,33,78,78,9.78,0.22,-3.56,-0.17,2.59,0.66,0,40,31,IDLE
82,32,79,76,9.82,0.24,-3.53,-0.17,2.59,0.66,0,39,32,IDLE
81,29,78,79,9.76,0.17,-3.51,-0.17,2.59,0.66,0,41,32,IDLE
76,31,83,78,9.86,0.23,-3.57,-0.17,2.59,0.66,1,40,32,IDLE
72,29,78,78,9.78,0.24,-3.59,-0.17,2.59,0.66,0,40,32,IDLE
70,28,78,79,9.73,0.24,-3.62,-0.17,2.59,0.66,0,42,31,IDLE
69,29,77,77,9.75,0.24,-3.44,-0.17,2.59,0.66,0,40,30,IDLE
64,28,77,76,9.77,0.27,-3.56,-0.17,2.59,0.66,0,40,31,IDLE
62,30,77,76,9.77,0.27,-3.62,-0.17,2.59,0.66,1,39,31,IDLE
59,27,76,78,9.73,0.25,-3.61,-0.17,2.59,0.66,0,40,31,IDLE
54,25,78,78,9.72,0.21,-3.51,-0.17,2.59,0.66,0,37,28,IDLE
54,25,78,76,9.8,0.25,-3.61,-0.17,2.59,0.66,0,40,31,IDLE
52,25,78,78,9.78,0.28,-3.55,-0.17,2.59,0.66,0,39,31,IDLE
52,24,77,77,9.77,0.18,-3.53,-0.17,2.59,0.66,0,39,31,IDLE
46,24,78,78,9.78,0.22,-3.51,-0.17,2.59,0.66,0,39,31,IDLE
44,23,78,77,9.82,0.29,-3.65,-0.17,2.59,0.66,0,39,31,IDLE
42,23,79,78,9.79,0.23,-3.58,-0.17,2.59,0.66,0,40,31,IDLE
40,22,77,77,9.77,0.32,-3.63,-0.17,2.59,0.66,0,40,31,IDLE
40,23,76,75,9.79,0.27,-3.61,-0.17,2.59,0.66,0,40,31,IDLE
37,22,77,78,9.77,0.27,-3.61,-0.17,2.59,0.66,0,40,31,IDLE
35,21,76,77,9.82,0.28,-3.53,-0.17,2.59,0.66,0,39,31,IDLE
35,21,79,76,9.79,0.29,-3.57,-0.17,2.59,0.66,0,39,31,IDLE
32,17,77,77,9.82,0.24,-3.62,-0.17,2.59,0.66,0,39,31,IDLE
31,18,79,77,9.73,0.26,-3.59,-0.17,2.59,0.66,0,39,32,IDLE
30,17,77,77,9.79,0.26,-3.74,-0.17,2.59,0.66,0,39,31,IDLE
28,18,79,77,9.77,0.25,-3.58,-0.17,2.59,0.66,0,40,32,IDLE
28,18,78,77,9.72,0.24,-3.6,-0.17,2.59,0.66,0,39,32,IDLE
25,18,77,77,9.85,0.24,-3.59,-0.17,2.59,0.66,0,39,31,IDLE
25,18,76,78,9.78,0.26,-3.53,-0.17,2.59,0.66,0,40,31,IDLE
93,191,86,87,3.1,-9.6,-0.35,0,0,0,10,39,32,Water
0,116,86,86,4.48,-9.83,0.27,0,0,0,11,39,32,Water
255,229,84,87,4.2,-9.54,1.35,0,0,0,12,40,32,Water
224,142,85,87,8.48,-17.95,-2.77,-0.75,0.3,0,13,37,28,Water
21,27,87,86,2.2,-8.67,-1.95,-0.75,0.3,0,14,40,32,Water
196,252,83,86,3.03,-7.55,-1.14,-0.75,0.3,0,15,39,32,Water
227,195,87,85,5.71,-9.48,3.22,1.05,-1.32,0,16,39,32,Water
132,64,83,85,2.04,-10.4,-1.33,1.05,-1.75,0,17,39,32,Water
68,210,86,84,3.29,-8.39,0.67,0.48,-1.75,0,18,39,31,Water
186,216,85,87,4.87,-9.11,-0.12,0.48,-1.75,0,19,39,32,Water
47,3,84,81,3.68,-9.13,0.33,0.48,-1.75,0,20,41,31,Water
85,32,86,84,1.76,-15.15,0.31,0.48,-1.75,0,21,38,32,Water
249,197,86,85,3.11,-9.86,-3.18,-0.61,-1.48,0,22,38,31,Water
11,44,85,87,2.58,-10.08,-0.86,-0.61,-1.48,0,23,40,32,Water
75,34,87,85,1.04,-11.93,-0.02,-0.61,-1.48,0,24,39,31,Water
45,225,86,86,2.38,-9.34,-1.16,-0.61,-1.48,0,25,38,32,Water
23,188,85,85,2.64,-7.96,-1.14,-0.61,-1.48,0,26,39,32,Water
99,96,85,85,0.13,-14.31,-1.9,-0.61,-1.48,0,27,39,32,Water
84,204,83,85,0.76,-7.76,0.24,-0.61,-1.48,0,28,39,32,Water
177,209,85,85,5.43,-12.04,0.34,-0.61,-1.81,0,29,38,31,Water
44,217,84,84,4.09,-7.31,-2.35,0.57,-2.21,0,30,39,31,Water
8,237,83,82,2.59,-9.85,-1.28,1.17,-2.21,0,31,39,32,Water
73,243,84,84,2.73,-9.61,-0.95,0.26,-1.92,0,32,39,32,Water
178,131,84,84,2.01,-6.89,-1.63,0.26,-1.92,0,33,39,32,Water
223,13,83,84,3.25,-10.65,1.25,0.26,-1.92,0,34,39,31,Water
175,214,86,84,2.6,-8.37,-1.79,0.96,-1.92,0,35,39,31,Water
71,8,83,84,3.27,-8.47,1.09,0.96,-1.92,0,36,39,32,Water
236,246,84,84,4.7,-10.8,2.51,0.96,-1.92,0,37,40,32,Water
33,108,84,84,1.87,-9.7,-3.54,0.96,-1.92,0,38,38,32,Water
243,225,82,85,0.67,-12.06,-0.11,0.96,-1.92,0,39,38,31,Water
73,54,87,87,3.62,-9.01,0.25,0.96,-1.92,0,40,39,32,Water
92,171,92,92,3.68,-8.06,1.2,0.96,-1.92,0,41,39,31,Water
91,69,95,95,3.29,-7.37,-0.19,0.12,-1.92,0,42,39,32,Water
125,92,96,95,2.73,-9.48,-0.75,0.12,-1.92,0,43,39,32,Water
7,73,95,98,2.74,-8.05,-1.67,0.92,-1.92,0,44,39,32,Water
70,42,94,96,2.96,-6.9,-0.72,1.92,-1.92,0,45,39,31,Water
16,185,94,93,3.73,-8.46,0.3,1.92,-1.92,0,46,39,32,Water
10,5,93,94,3.73,-10.96,1.82,1.92,-1.92,0,47,39,32,Water
6,52,89,93,-0.43,-10.1,-0.22,1.92,-1.92,0,48,38,31,Water
220,9,90,93,2.77,-9.22,-1.6,1.92,-1.92,0,49,39,32,Water
40,220,91,90,2.91,-7.72,-0.46,1.92,-1.92,0,50,39,32,Water
168,244,92,90,3.44,-8.95,-2.72,3.48,-2.24,0.39,51,38,32,Water
32,154,91,88,2.55,-8.85,-0.51,3.48,-2.24,0.39,52,39,31,Water
182,186,89,91,3.29,-11.15,2.4,2.91,-1.89,0.39,53,39,32,Water
189,201,86,89,2.03,-15.47,1.44,2.91,-1.89,0.39,54,39,32,Water
185,238,87,89,2,-8.94,-3.25,2.91,-1.89,0.39,55,39,31,Water
147,122,89,85,2.98,-8.29,-0.93,2.91,-1.89,0.39,56,39,31,Water
41,118,86,89,2.71,-7.36,-1.08,3.54,-1.89,0.39,57,39,31,Water
218,19,87,87,4.18,-10.89,-0.61,4.4,-2.18,0.39,58,39,31,Water
90,115,87,88,2.9,-9.58,-0.79,4.4,-2.18,0.39,59,39,32,Water
60,78,87,85,1.2,-13.22,-0.34,4.4,-2.51,0.39,60,39,32,Water
119,108,85,85,3.39,-9.64,-0.07,4.4,-2.51,0.39,61,40,30,Water
158,145,84,85,2.4,-9.07,-1.6,4.4,-2.51,0.39,62,40,32,Water
8,222,84,86,3.89,-9.33,-0.37,4.4,-2.51,0.39,63,35,27,Water
221,245,86,85,4.1,-9.18,-0.2,4.4,-2.51,0.39,64,40,31,Water
198,170,84,83,3.33,-9.93,-0.28,4.4,-2.51,0.39,65,39,32,Water
46,231,83,84,3.92,-8.25,-1.22,4.4,-2.51,0.39,66,40,31,Water
104,213,83,83,4.17,-9.37,0.96,4.4,-2.51,0.39,67,39,32,Water
60,103,83,83,3.76,-9.23,1.22,4.4,-2.51,0.39,68,39,31,Water
204,114,83,83,2.21,-9.51,-2.29,4.4,-2.51,0.39,69,39,31,Water
28,51,82,83,5.75,-10.96,-0.74,4.4,-2.51,0.39,70,39,32,Water
218,66,83,83,3.82,-9.71,-0.05,4.4,-2.51,0.39,71,39,31,Water
109,173,82,82,4.41,-15.52,2.08,3.78,-2.51,0.39,72,39,32,Water
136,148,82,83,2.23,-8.96,-1.94,3.78,-2.51,0.39,73,40,31,Water
76,146,83,82,2.42,-8.34,-0.7,3.78,-2.51,0.39,74,39,31,Water
169,94,83,84,1.7,-8.4,-3.71,4.88,-2.84,0.79,75,39,32,Water
234,17,83,83,3.73,-8.93,-0.44,5.49,-2.84,0.79,76,40,32,Water
184,74,82,82,3.33,-9,-1.16,5.49,-2.84,0.79,77,40,32,Water
191,72,83,82,2.92,-9.02,-0.37,5.49,-2.84,0.79,78,37,28,Water
144,15,82,81,3.15,-6.56,0.32,5.49,-2.84,0.79,79,40,31,Water
199,191,84,82,4.86,-7.36,-0.57,6.15,-3.16,0.79,80,40,32,Water
24,101,84,82,4.14,-8.62,1.53,6.15,-2.89,0.79,81,40,32,Water
60,82,81,82,3.39,-9.55,-1.77,6.15,-2.89,0.79,82,40,31,Water
34,186,81,82,2.83,-9.41,0.21,6.15,-2.89,0.79,83,39,31,Water
211,20,83,82,2.95,-11.43,1.86,6.74,-2.89,0.79,84,39,31,Water
10,132,81,83,1.03,-9.74,-2.09,6.74,-2.89,0.79,85,39,31,Water
102,91,82,82,3.03,-9.04,-0.22,7.3,-2.89,0.79,86,41,30,Water
164,83,83,81,3.57,-10.16,-0.67,7.3,-2.89,0.79,87,38,28,Water
4,29,80,83,0.85,-9.09,0.19,7.3,-2.89,0.79,88,40,31,Water
145,139,83,83,-0.89,-8.18,-0.64,7.3,-2.59,0.79,89,40,30,Water
210,37,83,81,1.87,-11.13,0.85,7.3,-2.59,0.79,90,39,31,Water
69,66,82,82,1.11,-7.7,-0.42,6.53,-2.21,0.79,91,39,31,Water
198,17,82,81,2.66,-9.17,-0.58,6.53,-2.21,0.79,92,39,32,Water
154,30,82,82,2.68,-8.42,-0.58,6.53,-2.21,0.79,93,40,30,Water
197,15,82,82,4.13,-9.05,-1.1,7.55,-2.48,0.79,94,39,31,Water
149,178,82,82,2.49,-9.54,0.86,7.55,-2.48,0.79,95,41,31,Water
213,190,82,82,3.66,-10.72,1.47,7.55,-2.48,0.79,96,39,31,Water
52,1,81,83,3.13,-9.23,0.43,7.55,-2.48,0.79,97,40,31,Water
0,133,81,82,3.29,-8.3,0.29,6.89,-2.09,0.79,98,40,31,Water
0,71,81,82,1.6,-12.11,0.13,6.89,-2.09,0.79,99,40,31,Water
186,45,83,82,3.99,-9.5,-0.04,6.89,-2.09,0.79,100,39,31,Water
10,219,82,82,1.49,-9.36,-1.93,7.55,-2.09,0.79,101,40,31,Water
143,64,84,82,1.51,-5.81,-1.23,7.55,-2.09,0.79,102,40,31,Water
237,22,82,82,5.83,-15.14,1.14,7.55,-2.09,0.79,103,40,31,Water
56,72,81,80,3.9,-7.82,1.28,8.34,-2.09,0.79,104,40,31,Water
192,76,81,82,4.22,-10.72,1.78,8.34,-2.09,0.79,105,40,31,Water
95,250,80,81,0.91,-9.27,0.82,8.34,-2.09,0.79,106,39,31,Water
225,7,82,80,4.23,-7.41,0.36,8.34,-2.09,0.79,107,40,31,Water
128,16,81,83,3.18,-8.45,1.48,8.34,-2.09,0.79,108,40,31,Water
23,34,82,80,3.04,-10.15,2.07,8.34,-2.09,0.79,109,39,31,Water
81,58,81,81,2.75,-9.88,-0.52,8.34,-2.09,0.79,110,40,31,Water
204,136,80,80,6.49,-9.53,-1.43,9,-2.51,0.79,111,39,32,Water
96,73,81,83,3.96,-8.98,1.79,9,-2.51,0.79,112,38,28,Water
17,54,82,84,0.19,-9.01,-2.91,9.78,-2.51,0.79,113,40,31,Water
78,28,82,80,4.32,-8.6,0.59,9.78,-2.78,0.79,114,40,31,Water
178,12,82,83,2.79,-8.35,1.22,9.78,-2.78,0.79,115,39,31,Water
235,28,83,82,4.87,-8.42,4.13,9.78,-2.78,0.79,116,40,32,Water
140,111,82,83,0.43,-15.79,3.77,9.78,-2.78,0.79,117,39,31,Water
195,31,83,87,3.43,-9.82,-0.36,9.78,-2.78,0.79,118,40,31,Water
225,237,81,81,2.18,-9.72,-5.1,11.44,-3.36,0.79,119,39,32,Water
35,81,81,85,3.07,-6.81,1.06,11.44,-3.68,0.79,120,40,32,Water
70,234,83,78,4.32,-7.81,3.08,12.43,-3.39,0.79,121,39,31,Water
99,150,80,82,1.62,-8.97,-0.34,12.43,-2.89,0.29,122,35,28,Water
23,195,82,84,0.34,-10.74,-1.18,11.15,-3.55,1.01,123,39,31,Water
49,26,83,83,1.92,-10.71,0.71,12.6,-3.25,0.55,124,41,30,Water
45,235,82,83,1.41,-6.99,-0.06,11.35,-3.55,1.15,125,39,31,Water
175,227,83,82,1.8,-12.08,-0.41,12.61,-3.55,1.15,126,40,32,Water
168,55,83,80,0.78,0.09,-0.97,12.61,-3.55,1.15,127,40,31,Water
63,210,82,82,-0.3,-5.68,-1.06,12.61,-3.55,1.15,128,40,31,Water
134,112,82,82,0.72,-8.23,-4.09,13.2,-3.89,1.15,129,37,27,Water
173,71,83,82,3.65,-10.06,-0.18,14.37,-4.37,1.15,130,39,32,Water
162,43,82,83,2.48,-9.91,-1.91,14.37,-4.37,1.15,131,34,29,Water
186,32,83,83,2.99,-7.35,-0.61,14.37,-4.37,1.15,132,40,31,Water
216,32,85,84,3.08,-9.18,0.43,14.37,-4.37,1.15,133,40,31,Water
208,150,82,83,0.67,-6.83,0.33,14.37,-4.37,1.15,134,39,32,Water
179,223,83,83,1.62,-9.97,-1.85,14.37,-4.37,1.15,135,39,31,Water
78,20,83,84,2.43,-12.37,-0.78,14.37,-4.78,1.15,136,39,32,Water
40,223,85,83,8.26,-5.61,1.56,14.37,-4.78,1.15,137,40,31,Water
2,8,83,83,2.2,-9.93,-4.17,14.37,-4.78,1.15,138,40,30,Water
216,80,83,84,3.55,-9.45,0.44,15.53,-4.78,1.15,139,40,30,Water
71,0,85,84,2.99,-8.88,-0.46,15.53,-4.78,1.15,140,40,32,Water
101,235,83,87,1.24,-18.96,0.51,15.53,-4.78,1.15,141,41,30,Water
229,54,85,84,4.12,-7.89,1.32,15.53,-4.78,1.15,142,36,27,Water
10,180,84,86,2.11,-9.43,-2.5,15.53,-4.78,1.15,143,38,27,Water
190,248,87,85,1.81,-11.34,-0.27,15.53,-4.78,1.15,144,40,31,Water
238,107,85,83,3.97,-8.08,1.4,16.81,-5.32,1.15,145,40,31,Water
40,211,86,84,3.02,-9.4,0.95,16.81,-5.32,1.15,146,40,31,Water
155,38,85,80,2.85,-10.49,-2.48,16.81,-5.32,1.15,147,39,31,Water
6,169,81,87,2.38,-8.88,-0.48,16.81,-5.32,1.15,148,39,31,Water
41,79,84,84,-1.46,-16.1,3.6,16.23,-5.32,1.15,149,40,32,Water
189,135,85,86,3.5,-8.57,0.05,16.23,-5.32,1.15,150,40,31,Water
252,70,83,85,-1.02,-11.91,1.23,16.23,-5.32,1.15,151,38,31,Water
79,172,82,86,2.11,-8.65,-1.56,16.23,-5.32,1.15,152,34,25,Water
28,216,84,83,0.86,-8.02,-1.28,17.64,-5.61,1.72,153,40,32,Water
11,3,84,85,4.06,-7.99,0.93,18.54,-5.61,1.72,154,38,31,Water
70,122,85,84,2.17,-8.9,-0.69,18.54,-5.61,1.72,155,41,30,Water
76,59,86,84,4.07,-7.74,1.17,18.54,-5.9,1.72,156,38,27,Water
170,198,84,84,3.91,-7.94,1.23,17.9,-5.9,1.72,157,39,31,Water
32,99,84,83,0.78,-8.65,1.52,17.9,-5.9,1.72,158,40,31,Water
130,70,84,84,1.71,-8.81,-1.75,17.9,-5.9,1.72,159,40,32,Water
164,167,86,84,-5.61,-15.67,-1.45,17.9,-6.37,2.19,160,38,28,Water
45,249,84,83,3.45,-9.84,1.07,18.8,-6.37,2.19,161,41,30,Water
253,46,83,84,2.96,-8.58,-0.57,18.8,-6.37,2.19,162,40,32,Water
12,204,83,84,2.58,-12.29,-0.33,18.8,-6.37,2.19,163,40,31,Water
36,74,82,83,4.98,-12.66,1.12,18.8,-6.76,2.19,164,40,32,Water
73,0,86,80,3.03,-8.68,-0.12,19.45,-6.76,2.19,165,40,31,Water
95,103,84,84,0.78,-9.24,0.41,19.45,-6.76,2.19,166,39,31,Water
190,113,84,83,2.4,-8.79,-1.53,19.45,-6.76,2.19,167,40,31,Water
218,112,84,84,3.78,-8.75,-0.76,20.72,-6.76,2.55,168,41,30,Water
107,14,82,84,4.22,-9.5,1.65,20.72,-6.76,2.55,169,40,32,Water
93,85,84,84,-0.28,-7.95,0.06,20.72,-6.76,2.55,170,39,32,Water
94,235,84,84,3.91,-9.11,0.12,20.72,-6.76,2.55,171,40,31,Water
196,0,84,83,2.54,-9.67,-1.31,20.72,-6.76,2.55,172,38,27,Water
30,216,83,84,-1.83,-14.28,1.36,20.72,-6.76,2.55,173,40,31,Water
31,121,82,83,2.8,-9.01,0.61,20.72,-6.76,2.55,174,41,31,Water
234,33,84,85,5.41,-8.72,2.68,20.72,-6.76,2.55,175,39,31,Water
180,68,83,83,5.1,-8.15,0.42,22.07,-6.76,2.55,176,40,31,Water
102,46,83,84,1.79,-9.84,0.49,22.07,-6.76,2.55,177,36,27,Water
230,107,83,83,3.59,-8,0.57,22.07,-6.76,2.55,178,40,31,Water
194,5,83,85,2.79,-9.4,1.34,22.07,-6.76,2.55,179,40,31,Water
205,43,86,84,5.37,-7.21,1.58,22.8,-7.24,2.55,180,40,32,Water
187,141,82,87,2.66,-7.99,0.4,22.8,-7.24,2.55,181,40,31,Water
130,162,83,84,6.17,-8.17,0.86,22.8,-7.24,2.55,182,40,32,Water
112,12,81,86,4.62,-11.59,-1.38,23.39,-7.24,2.55,183,40,31,Water
122,230,82,84,2.95,-8.41,-1.19,23.39,-7.24,2.55,184,41,30,Water
84,33,84,83,1.89,-10.38,-0.57,23.39,-7.24,2.55,185,40,31,Water
6,140,84,85,-1.63,-19.16,4.95,22.61,-7.24,2.55,186,34,28,Water
41,145,85,83,3.67,-7.78,1.41,22.61,-7.24,2.55,187,41,30,Water
213,112,85,85,3.49,-8.3,0.73,22.61,-7.24,2.55,188,40,31,Water
0,91,85,84,-0.58,-7.19,-0.6,22.61,-7.24,2.55,189,39,31,Water
108,64,86,82,1.99,-8.75,-4.36,23.71,-7.24,2.55,190,40,32,Water
195,208,86,82,3.8,-8.48,-0.05,23.71,-7.24,2.55,191,40,32,Water
139,170,84,84,3.36,-7.7,0.33,23.71,-7.24,2.55,192,39,28,Water
0,85,83,82,3.87,-8.85,2.26,22.89,-7.24,2.55,193,40,32,Water
160,236,83,83,4.34,-11.03,-0.45,22.89,-7.24,2.55,194,40,31,Water
125,215,83,83,2.42,-9.53,-2.09,22.89,-7.24,2.55,195,40,30,Water
109,0,83,85,1.79,-13.53,0.28,22.89,-7.24,2.55,196,40,28,Water
204,216,84,84,5.03,-11.03,-0.25,24.1,-7.66,2.55,197,40,31,Water
164,214,85,82,4.24,-7.72,1.21,24.1,-7.66,2.55,198,40,31,Water
67,160,85,84,2.54,-9.39,-1.41,24.1,-7.66,2.55,199,36,29,Water
29,228,83,83,3.23,-8.61,0.7,24.1,-7.66,2.55,200,40,31,Water
225,139,84,83,3.27,-9.1,-0.22,24.1,-7.66,2.55,201,40,31,Water
41,142,85,83,3.36,-8.96,2.19,24.1,-7.66,2.55,202,39,32,Water
109,56,84,80,3.37,-12.49,1.97,24.1,-7.66,2.55,203,40,31,Water
42,10,83,83,0.47,-10.6,-1.07,24.1,-7.66,2.55,204,40,31,Water
163,64,83,83,1.58,-10.05,1.35,24.1,-7.66,2.55,205,39,31,Water
234,254,83,83,-0.32,-7.38,-2.6,24.1,-7.66,2.55,206,40,31,Water
85,0,83,83,3.22,-8.96,-0.73,24.1,-7.66,2.55,207,40,31,Water
214,113,83,83,2.37,-9.4,-1.45,24.1,-7.66,2.55,208,37,28,Water
79,183,84,83,1.59,-9.57,-1.78,24.81,-7.66,2.55,209,40,31,Water
104,141,84,84,4.02,-8.84,0.31,25.55,-7.66,2.55,210,41,31,Water
190,211,85,85,2.44,-9.62,-0.83,25.55,-7.66,2.55,211,40,30,Water
178,189,83,83,2.55,-9.41,-0.23,25.55,-7.66,2.55,212,38,28,Water
27,135,83,82,2.38,-8.93,0.53,25.55,-7.66,2.55,213,39,31,Water
46,36,83,83,3.36,-9.22,-0.98,25.55,-7.66,2.55,214,32,26,Water
190,48,80,82,2.57,-12.92,0.16,25.55,-7.66,2.55,215,40,31,Water
0,255,83,83,3.72,-10.41,1.07,25.55,-7.66,2.55,216,40,32,Water
150,202,83,84,0.04,-9.83,-2.51,26.22,-7.66,2.55,217,40,31,Water
85,75,84,82,2.84,-9.85,0.21,26.22,-7.66,2.55,218,39,31,Water
20,224,84,82,1.69,-10.55,-1.53,26.22,-7.66,2.55,219,40,31,Water
1,90,80,80,2.91,-8.96,-0.72,26.22,-7.66,2.55,220,40,31,Water
104,132,87,80,2.09,-8.37,1.25,25.49,-7.21,2.55,221,39,31,Water
95,131,82,82,2.84,-9.87,-0.15,25.49,-7.21,2.55,222,40,31,Water
201,200,81,82,4.36,-8.38,2.71,25.49,-7.21,2.55,223,35,27,Water
175,91,81,82,3.91,-8.45,1.19,25.49,-7.21,2.17,224,40,31,Water
255,0,82,83,3.47,-9.75,-1.69,25.49,-7.21,2.17,225,40,31,Water
76,93,82,83,3.79,-8.91,-0.15,25.49,-7.21,2.17,226,40,31,Water
0,0,84,84,1.14,-10.44,-2.62,26.11,-7.21,2.17,227,39,31,Water
85,204,83,84,1.98,-10.1,-1.31,26.11,-7.21,2.17,228,39,32,Water
21,7,83,84,3.1,-9.27,1.03,26.11,-7.21,2.17,229,39,31,Water
203,86,85,84,2.12,-9.42,-1.51,26.11,-7.21,2.17,230,39,31,Water
28,231,83,84,3.26,-9.65,-0.81,26.11,-7.21,2.17,231,41,30,Water
87,97,83,82,3.13,-9.49,-0.48,26.11,-7.21,2.17,232,40,31,Water
58,80,85,83,3.23,-9.48,-0.54,26.11,-7.21,2.17,233,40,31,Water
104,32,80,82,3.33,-9.49,-0.38,26.11,-7.21,2.17,234,38,28,Water
29,228,82,82,3.38,-9.56,-0.54,26.11,-7.21,2.17,235,39,31,Water
210,205,82,82,3.36,-9.49,-0.35,26.11,-7.21,2.17,236,40,31,Water
113,144,82,82,3.26,-9.34,0.87,26.11,-7.21,2.17,237,39,31,Water
40,50,82,83,2.86,-9.78,-0.5,26.11,-7.21,2.17,238,40,32,Water
8,68,82,82,2.96,-9.5,-0.33,26.11,-7.21,2.17,239,40,31,Water
56,1,82,81,0.28,-13.29,0.9,26.11,-7.21,2.17,240,39,27,Water
208,26,83,84,2.31,-8.81,0.29,26.11,-7.21,2.17,241,40,31,Water
130,197,81,80,3.31,-8.38,0.31,26.11,-7.21,2.17,242,39,31,Water
126,152,82,82,3.95,-9.74,1.38,26.11,-7.21,2.17,243,39,31,Water
91,189,81,81,3.77,-10.85,-1.34,26.7,-7.21,2.17,244,37,28,Water
0,0,255,88,5.6,-7.59,3.06,0,0,0,0,36,28,Drunk
0,0,253,88,5.64,-7.54,2.98,0,0,0,0,40,32,Drunk
0,0,256,87,5.69,-7.55,3.01,0,0,0,0,40,31,Drunk
0,0,254,86,5.65,-7.57,3.07,0,0,0,0,40,31,Drunk
0,0,255,89,5.68,-7.51,3.08,0,0,0,0,39,31,Drunk
0,0,2,87,5.65,-7.54,3.05,0,0,0,0,40,31,Drunk
0,0,128,87,5.68,-7.59,3.11,0,0,0,0,40,31,Drunk
0,0,199,87,5.62,-7.57,3.11,0,0,0,0,40,31,Drunk
0,0,187,87,5.6,-7.57,3,0,0,0,0,40,31,Drunk
0,0,165,86,5.63,-7.57,3.01,0,0,0,0,40,32,Drunk
0,0,255,86,5.66,-7.56,2.97,0,0,0,0,40,32,Drunk
0,0,269,85,5.63,-7.58,3.06,0,0,0,0,39,32,Drunk
0,0,284,87,5.6,-7.63,3.03,0,0,0,0,40,32,Drunk
0,0,279,86,5.56,-7.59,3.01,0,0,0,0,39,31,Drunk
0,0,293.5,87,5.69,-7.56,3.08,0,0,0,0,39,31,Drunk
0,0,302.2,86,5.57,-7.56,3.1,0,0,0,0,40,32,Drunk
0,0,310.9,86,5.69,-7.58,3.05,0,0,0,0,40,31,Drunk
0,0,319.6,85,5.58,-7.57,3.04,0,0,0,0,40,31,Drunk
0,0,255,85,5.64,-7.59,3.13,0,0,0,0,38,28,Drunk
0,0,253,85,5.65,-7.56,3.12,0,0,0,0,40,31,Drunk
0,0,256,85,5.67,-7.64,3.02,0,0,0,0,40,31,Drunk
0,0,254,86,5.67,-7.63,3.1,0,0,0,0,39,31,Drunk
0,0,255,84,5.63,-7.57,3.01,0,0,0,0,39,31,Drunk
0,0,2,85,5.63,-7.57,2.98,0,0,0,1,32,26,Drunk
0,0,128,86,5.63,-7.61,3.01,0,0,0,0,40,31,Drunk
0,0,199,83,5.57,-7.59,3.07,0,0,0,0,39,31,Drunk
0,0,187,84,5.61,-7.6,3.17,0,0,0,0,38,33,Drunk
0,0,165,84,5.63,-7.62,3.12,0,0,0,0,40,31,Drunk
0,0,255,84,5.69,-7.51,3.09,0,0,0,0,40,32,Drunk
0,0,269,85,5.74,-7.55,3.05,0,0,0,0,39,31,Drunk
0,0,284,84,5.62,-7.53,2.96,0,0,0,0,32,26,Drunk
0,0,279,85,5.64,-7.57,2.98,0,0,0,0,39,32,Drunk
0,0,293.5,84,5.7,-7.58,3.1,0,0,0,0,32,26,Drunk
0,0,302.2,84,5.66,-7.6,3.07,0,0,0,0,39,32,Drunk
0,0,310.9,84,5.64,-7.57,3.06,0,0,0,0,39,31,Drunk
0,0,319.6,84,5.73,-7.57,3.02,0,0,0,0,40,32,Drunk
0,0,265.8419048,85,5.58,-7.58,3.13,0,0,0,0,39,32,Drunk
0,0,267.397323,83,5.6,-7.51,3.13,0,0,0,0,40,31,Drunk
0,0,268.9527413,83,5.68,-7.53,3.17,0,0,0,0,37,28,Drunk
0,0,270.5081596,84,5.63,-7.56,3.18,0,0,0,0,40,31,Drunk
0,0,272.0635779,82,5.63,-7.61,3.07,0,0,0,0,37,28,Drunk
0,0,273.6189961,83,5.72,-7.63,3.07,0,0,0,0,40,31,Drunk
0,0,275.1744144,83,5.65,-7.55,3.22,0,0,0,0,41,30,Drunk
0,0,276.7298327,84,5.68,-7.61,3.05,0,0,0,0,40,31,Drunk
0,0,278.285251,85,5.58,-7.57,3.04,0,0,0,0,40,31,Drunk
0,0,279.8406692,83,5.59,-7.57,3.06,0,0,0,0,41,30,Drunk
0,0,281.3960875,83,5.64,-7.57,3.2,0,0,0,0,38,27,Drunk
0,0,282.9515058,83,5.64,-7.6,3.11,0,0,0,0,38,27,Drunk
0,0,284.5069241,81,5.64,-7.57,3.11,0,0,0,0,39,31,Drunk
0,0,286.0623423,82,5.7,-7.58,3.15,0,0,0,0,38,27,Drunk
0,0,287.6177606,83,5.66,-7.6,3.17,0,0,0,0,38,27,Drunk
0,0,289.1731789,83,5.63,-7.58,3.07,0,0,0,0,40,31,Drunk
0,0,290.7285972,83,5.65,-7.58,3.07,0,0,0,0,39,32,Drunk
0,0,292.2840154,84,5.62,-7.53,3.06,0,0,0,3,41,30,Drunk
0,0,293.8394337,83,5.65,-7.54,3.08,0,0,0,0,34,25,Drunk
0,0,295.394852,82,5.59,-7.6,3.13,0,0,0,0,39,31,Drunk
0,0,296.9502703,83,5.61,-7.59,3.08,0,0,0,0,39,31,Drunk
0,0,298.5056885,82,5.59,-7.59,3.12,0,0,0,0,39,31,Drunk
0,0,300.0611068,83,5.66,-7.57,3,0,0,0,0,39,31,Drunk
0,0,301.6165251,81,5.63,-7.53,3.1,0,0,0,0,40,31,Drunk
0,0,303.1719434,83,5.61,-7.54,3.13,0,0,0,0,39,31,Drunk
0,0,304.7273616,82,5.65,-7.5,3.08,0,0,0,0,34,27,Drunk
0,0,306.2827799,83,5.64,-7.59,3.11,0,0,0,0,39,31,Drunk
0,0,307.8381982,82,5.64,-7.56,3.05,0,0,0,0,38,27,Drunk
0,0,309.3936165,81,5.64,-7.59,3.09,0,0,0,0,39,31,Drunk
0,0,310.9490347,81,5.64,-7.55,3.21,0,0,0,0,40,31,Drunk
0,0,312.504453,82,5.67,-7.6,3.03,0,0,0,0,39,31,Drunk
0,0,314.0598713,83,5.56,-7.59,3.11,0,0,0,0,37,27,Drunk
0,0,315.6152896,82,5.64,-7.59,3.12,0,0,0,0,40,31,Drunk
0,0,317.1707079,82,5.65,-7.59,3.15,0,0,0,0,39,31,Drunk
0,0,318.7261261,82,5.72,-7.6,2.97,0,0,0,0,39,32,Drunk
0,0,320.2815444,82,5.62,-7.52,3.07,0,0,0,0,40,31,Drunk
0,0,321.8369627,82,5.69,-7.57,3.03,0,0,0,0,39,32,Drunk
0,0,323.392381,82,5.58,-7.57,3.07,0,0,0,0,39,32,Drunk
0,0,324.9477992,80,5.62,-7.56,3.05,0,0,0,0,40,31,Drunk
0,0,326.5032175,82,5.64,-7.6,3.04,0,0,0,0,40,31,Drunk
0,0,328.0586358,83,5.62,-7.51,3.16,0,0,0,0,39,31,Drunk
0,0,329.6140541,83,5.61,-7.54,3.26,0,0,0,1,40,31,Drunk
0,0,331.1694723,82,5.64,-7.53,3.11,0,0,0,0,39,31,Drunk
0,0,332.7248906,82,5.66,-7.55,3.12,0,0,0,0,39,31,Drunk
0,0,334.2803089,80,5.61,-7.51,3.05,0,0,0,0,39,31,Drunk
0,0,335.8357272,82,5.56,-7.57,3.05,0,0,0,0,40,31,Drunk
0,0,337.3911454,82,5.63,-7.5,3.12,0,0,0,0,39,31,Drunk
0,0,338.9465637,81,5.63,-7.61,3.18,0,0,0,0,40,32,Drunk
0,0,340.501982,82,5.67,-7.57,3.1,0,0,0,0,30,25,Drunk
0,0,342.0574003,81,5.62,-7.59,3.04,0,0,0,0,39,31,Drunk
0,0,343.6128185,82,5.6,-7.56,3.07,0,0,0,0,39,31,Drunk
0,0,345.1682368,82,5.67,-7.59,3.1,0,0,0,0,40,31,Drunk
0,0,346.7236551,82,5.69,-7.56,3.13,0,0,0,0,30,26,Drunk
0,0,348.2790734,82,5.64,-7.57,3.21,0,0,0,0,37,28,Drunk
0,0,349.8344916,82,5.64,-7.57,3.1,0,0,0,0,39,31,Drunk
0,0,351.3899099,81,5.66,-7.6,3.1,0,0,0,0,40,31,Drunk
0,0,352.9453282,81,5.63,-7.54,3.07,0,0,0,0,39,31,Drunk
0,0,354.5007465,82,5.69,-7.56,3.11,0,0,0,0,40,31,Drunk
0,0,356.0561647,82,5.66,-7.53,3.07,0,0,0,0,40,31,Drunk
0,0,357.611583,82,5.62,-7.59,3.11,0,0,0,0,40,31,Drunk
0,0,359.1670013,81,5.65,-7.52,3.08,0,0,0,0,40,32,Drunk
0,0,360.7224196,81,5.63,-7.6,3.21,0,0,0,0,40,31,Drunk
0,0,362.2778378,80,5.64,-7.6,3.11,0,0,0,0,40,31,Drunk
0,0,363.8332561,82,5.6,-7.55,3.11,0,0,0,0,41,30,Drunk
0,0,365.3886744,82,5.6,-7.5,3.13,0,0,0,0,40,31,Drunk
0,0,366.9440927,81,5.65,-7.55,3.12,0,0,0,0,39,31,Drunk
0,0,368.4995109,82,5.68,-7.56,3.23,0,0,0,0,39,31,Drunk
0,0,370.0549292,81,5.67,-7.55,3.1,0,0,0,0,40,31,Drunk
0,0,371.6103475,82,5.65,-7.51,3.13,0,0,0,0,39,27,Drunk
0,0,373.1657658,81,5.63,-7.61,3.05,0,0,0,0,40,31,Drunk
0,0,374.721184,82,5.62,-7.59,3.03,0,0,0,0,39,31,Drunk
0,0,376.2766023,82,5.61,-7.58,3.13,0,0,0,0,41,30,Drunk
0,0,377.8320206,81,5.64,-7.53,3.07,0,0,0,0,40,31,Drunk
0,0,379.3874389,82,5.63,-7.57,3.18,0,0,0,0,40,31,Drunk
0,0,380.9428571,82,5.62,-7.56,3.11,0,0,0,0,40,31,Drunk
0,0,382.4982754,80,5.64,-7.57,3.14,0,0,0,0,39,31,Drunk
0,0,384.0536937,81,5.64,-7.55,3.13,0,0,0,0,40,31,Drunk
0,0,385.609112,81,5.65,-7.63,3.11,0,0,0,0,39,31,Drunk
0,0,387.1645302,82,5.61,-7.54,3.07,0,0,0,0,40,31,Drunk
0,0,388.7199485,83,5.65,-7.59,3.13,0,0,0,0,40,31,Drunk
0,0,390.2753668,81,5.66,-7.52,3.02,0,0,0,0,41,30,Drunk
0,0,391.8307851,81,5.72,-7.55,3.09,0,0,0,0,40,31,Drunk
0,0,393.3862033,81,5.68,-7.53,3.14,0,0,0,0,38,27,Drunk
0,0,394.9416216,83,5.67,-7.6,3.04,0,0,0,0,40,31,Drunk
0,0,396.4970399,82,5.57,-7.57,3.1,0,0,0,0,39,31,Drunk
0,0,398.0524582,81,5.64,-7.56,3.07,0,0,0,0,39,31,Drunk
0,0,399.6078764,81,5.58,-7.64,3.14,0,0,0,0,38,27,Drunk
0,0,401.1632947,80,5.64,-7.56,3.07,0,0,0,0,39,31,Drunk
0,0,402.718713,81,5.67,-7.59,3.14,0,0,0,0,40,31,Drunk
0,0,404.2741313,81,5.62,-7.52,3.05,0,0,0,0,39,31,Drunk
0,0,405.8295495,81,5.62,-7.6,3.12,0,0,0,0,39,31,Drunk
0,0,407.3849678,81,5.61,-7.59,3.06,0,0,0,0,39,31,Drunk
0,0,408.9403861,80,5.64,-7.56,3.07,0,0,0,0,39,31,Drunk
0,0,410.4958044,81,5.62,-7.61,3.12,0,0,0,0,40,32,Drunk
0,0,412.0512227,82,5.62,-7.54,3.07,0,0,0,0,40,31,Drunk
0,0,413.6066409,80,5.64,-7.58,3.08,0,0,0,0,39,31,Drunk
0,0,415.1620592,81,5.65,-7.6,3.13,0,0,0,0,40,31,Drunk
0,0,416.7174775,81,5.66,-7.6,3.07,0,0,0,0,40,31,Drunk
0,0,418.2728958,80,5.63,-7.55,3.12,0,0,0,0,40,31,Drunk
0,0,419.828314,84,5.69,-7.55,3.09,0,0,0,0,40,31,Drunk
0,0,421.3837323,81,5.57,-7.55,3.08,0,0,0,0,40,31,Drunk
0,0,422.9391506,81,5.62,-7.58,3.05,0,0,0,0,40,31,Drunk
0,0,424.4945689,80,5.65,-7.56,3.01,0,0,0,1,40,31,Drunk
0,0,426.0499871,80,5.65,-7.62,3.11,0,0,0,0,39,31,Drunk
0,0,427.6054054,80,5.67,-7.6,3.1,0,0,0,0,40,32,Drunk
0,0,429.1608237,81,5.61,-7.6,3.21,0,0,0,0,39,32,Drunk
0,0,430.716242,80,5.65,-7.57,3.11,0,0,0,0,40,31,Drunk
0,0,432.2716602,81,5.61,-7.59,3.15,0,0,0,0,40,31,Drunk
0,0,433.8270785,80,5.72,-7.61,3.13,0,0,0,0,40,30,Drunk
0,0,435.3824968,80,5.62,-7.57,3.09,0,0,0,0,39,31,Drunk
0,0,436.9379151,81,5.63,-7.52,3.08,0,0,0,0,37,28,Drunk
0,0,438.4933333,80,5.65,-7.62,3.09,0,0,0,0,40,31,Drunk
0,0,440.0487516,83,5.62,-7.59,3.09,0,0,0,0,39,28,Drunk
0,0,441.6041699,80,5.61,-7.6,3.14,0,0,0,0,40,31,Drunk
0,0,443.1595882,80,5.66,-7.59,3.06,0,0,0,0,40,31,Drunk
0,0,444.7150064,82,5.68,-7.55,3.21,0,0,0,0,40,31,Drunk
0,0,446.2704247,78,5.58,-7.57,3.14,0,0,0,0,41,30,Drunk
0,0,447.825843,81,5.63,-7.54,3.07,0,0,0,0,36,27,Drunk
0,0,449.3812613,81,5.69,-7.59,3.18,0,0,0,0,40,31,Drunk
0,0,450.9366795,81,5.66,-7.59,3.14,0,0,0,0,39,31,Drunk
0,0,452.4920978,81,5.63,-7.53,3.11,0,0,0,0,39,25,Drunk
0,0,454.0475161,80,5.59,-7.56,3.05,0,0,0,0,40,31,Drunk
0,0,455.6029344,81,5.62,-7.55,3.12,0,0,0,0,39,31,Drunk
0,0,457.1583526,81,5.6,-7.59,3.05,0,0,0,0,39,31,Drunk
0,0,458.7137709,80,5.7,-7.58,3.13,0,0,0,0,38,27,Drunk
0,0,460.2691892,81,5.6,-7.61,3.11,0,0,0,0,37,27,Drunk
0,0,461.8246075,81,5.64,-7.53,3.12,0,0,0,0,39,31,Drunk
0,0,463.3800257,81,5.62,-7.56,3.12,0,0,0,0,37,28,Drunk
0,0,464.935444,81,5.64,-7.51,3.03,0,0,0,0,40,31,Drunk
0,0,466.4908623,80,5.62,-7.52,3.05,0,0,0,0,40,31,Drunk
0,0,468.0462806,80,5.68,-7.49,3.12,0,0,0,0,40,31,Drunk
0,0,469.6016988,82,5.6,-7.55,3.13,0,0,0,0,40,32,Drunk
0,0,471.1571171,80,5.59,-7.58,3.1,0,0,0,0,41,32,Drunk
0,0,472.7125354,81,5.61,-7.56,3.13,0,0,0,0,37,28,Drunk
0,0,474.2679537,80,5.62,-7.56,3.16,0,0,0,0,39,31,Drunk
0,0,475.8233719,80,5.64,-7.51,3.1,0,0,0,0,39,31,Drunk
0,0,477.3787902,81,5.62,-7.57,3.15,0,0,0,0,40,31,Drunk
0,0,478.9342085,79,5.65,-7.55,3.08,0,0,0,0,40,32,Drunk
0,0,480.4896268,80,5.68,-7.53,3.14,0,0,0,0,40,31,Drunk
0,0,482.045045,81,5.67,-7.54,3.14,0,0,0,0,39,31,Drunk
0,0,483.6004633,80,5.65,-7.6,3.15,0,0,0,0,42,30,Drunk
0,0,485.1558816,81,5.7,-7.57,3.16,0,0,0,0,40,31,Drunk
0,0,486.7112999,80,5.6,-7.58,3.17,0,0,0,0,39,31,Drunk
0,0,488.2667181,80,5.64,-7.59,3.1,0,0,0,0,40,31,Drunk
0,0,489.8221364,81,5.68,-7.58,3.11,0,0,0,0,41,31,Drunk
0,0,491.3775547,80,5.62,-7.62,3.03,0,0,0,0,37,28,Drunk
0,0,492.932973,79,5.62,-7.63,3.11,0,0,0,0,39,32,Drunk
0,0,494.4883912,80,5.68,-7.56,3.21,0,0,0,0,36,27,Drunk
0,0,496.0438095,81,5.69,-7.59,3.16,0,0,0,0,41,30,Drunk
0,0,497.5992278,80,5.65,-7.58,3.13,0,0,0,0,39,31,Drunk
0,0,499.1546461,81,5.59,-7.57,3.25,0,0,0,0,40,31,Drunk
0,0,500.7100644,80,5.59,-7.59,3.1,0,0,0,0,39,31,Drunk
0,0,502.2654826,80,5.68,-7.58,3.12,0,0,0,0,40,31,Drunk
0,0,503.8209009,78,5.65,-7.62,3.06,0,0,0,0,36,27,Drunk
0,0,505.3763192,81,5.64,-7.55,3.23,0,0,0,0,40,31,Drunk
0,0,255,80,5.64,-7.55,3.18,0,0,0,0,39,31,Drunk
0,0,248,80,5.64,-7.57,3.01,0,0,0,0,36,27,Drunk
0,0,215,80,5.66,-7.57,3.07,0,0,0,0,39,31,Drunk
0,0,249,80,5.64,-7.53,3.12,0,0,0,0,39,31,Drunk
0,0,236,81,5.6,-7.58,3.18,0,0,0,0,40,31,Drunk
0,0,279,79,5.59,-7.59,3.16,0,0,0,0,39,32,Drunk
0,0,156,80,5.61,-7.54,3.23,0,0,0,0,40,31,Drunk
0,0,255,80,5.65,-7.53,3.2,0,0,0,0,41,30,Drunk
0,0,248,80,5.65,-7.54,3.17,0,0,0,0,39,31,Drunk
0,0,215,79,5.61,-7.59,3.11,0,0,0,0,40,31,Drunk
0,0,249,80,5.62,-7.58,3.16,0,0,0,0,40,31,Drunk
0,0,236,80,5.66,-7.52,3.16,0,0,0,0,40,32,Drunk
0,0,279,80,5.67,-7.52,3.09,0,0,0,0,40,31,Drunk
0,0,156,80,5.62,-7.58,2.99,0,0,0,0,40,32,Drunk
0,0,255,80,5.62,-7.58,3.13,0,0,0,0,40,31,Drunk
0,0,248,78,5.6,-7.56,3.1,0,0,0,0,39,31,Drunk
0,0,215,80,5.67,-7.53,3.04,0,0,0,1,40,31,Drunk
0,0,249,80,5.64,-7.57,3.12,0,0,0,0,40,31,Drunk
0,0,236,80,5.6,-7.59,3.06,0,0,0,0,40,32,Drunk
0,0,279,81,5.61,-7.55,3.13,0,0,0,0,40,32,Drunk
0,0,156,80,5.57,-7.57,3.21,0,0,0,0,38,28,Drunk
0,0,255,80,5.62,-7.58,3.01,0,0,0,0,40,31,Drunk
0,0,248,80,5.63,-7.52,3.07,0,0,0,0,40,31,Drunk
0,0,215,80,5.62,-7.48,3.09,0,0,0,0,41,30,Drunk
0,0,249,78,5.58,-7.57,3.19,0,0,0,0,41,30,Drunk
0,0,236,80,5.63,-7.54,3.11,0,0,0,0,40,31,Drunk
0,0,279,80,5.73,-7.59,3.15,0,0,0,0,40,32,Drunk
0,0,156,81,5.63,-7.6,3.12,0,0,0,0,40,31,Drunk
0,0,255,79,5.64,-7.59,3.2,0,0,0,0,39,31,Drunk
0,0,248,80,5.62,-7.54,3.06,0,0,0,0,40,31,Drunk
0,0,215,81,5.64,-7.59,3.07,0,0,0,0,40,31,Drunk
0,0,249,79,5.67,-7.56,3.1,0,0,0,0,40,31,Drunk
0,0,236,78,5.66,-7.53,3.08,0,0,0,0,40,31,Drunk
0,0,279,80,5.66,-7.58,3.07,0,0,0,0,39,31,Drunk
0,0,156,79,5.68,-7.51,3.18,0,0,0,0,39,31,Drunk
0,0,255,79,5.65,-7.58,3.12,0,0,0,0,40,30,Drunk
0,0,248,79,5.67,-7.61,3.07,0,0,0,0,40,31,Drunk
0,0,215,79,5.67,-7.54,3.09,0,0,0,0,40,31,Drunk
0,0,249,81,5.6,-7.52,3.16,0,0,0,0,39,31,Drunk
0,0,236,80,5.63,-7.55,3.18,0,0,0,0,40,31,Drunk
0,0,279,78,5.69,-7.6,3.04,0,0,0,0,35,27,Drunk
0,0,156,79,5.62,-7.58,3.11,0,0,0,1,40,31,Drunk
0,0,255,81,5.65,-7.55,3.17,0,0,0,0,39,31,Drunk
0,0,248,79,5.59,-7.55,3.13,0,0,0,0,40,31,Drunk
0,0,215,79,5.63,-7.62,3.19,0,0,0,0,39,31,Drunk
0,0,249,80,5.63,-7.52,3.09,0,0,0,0,39,31,Drunk
0,0,236,80,5.57,-7.59,3.23,0,0,0,0,40,31,Drunk
0,0,279,81,5.71,-7.62,3.01,0,0,0,0,40,31,Drunk
0,0,156,79,5.62,-7.55,3.13,0,0,0,0,40,31,Drunk
0,0,215,79,5.58,-7.58,3.17,0,0,0,0,40,31,Drunk
0,0,249,79,5.6,-7.55,3.14,0,0,0,0,40,31,Drunk
0,0,236,82,5.67,-7.59,3.19,0,0,0,0,40,31,Drunk
0,0,279,79,5.59,-7.59,3.09,0,0,0,0,40,31,Drunk
0,0,156,79,5.63,-7.56,3.13,0,0,0,0,36,27,Drunk
0,0,255,80,5.69,-7.56,3.17,0,0,0,0,37,27,Drunk
0,0,248,79,5.65,-7.55,3.15,0,0,0,0,40,31,Drunk
0,0,215,79,5.63,-7.53,3.2,0,0,0,0,40,31,Drunk
0,0,249,79,5.65,-7.56,3.14,0,0,0,0,37,27,Drunk
0,0,236,81,5.61,-7.63,3.15,0,0,0,0,40,31,Drunk
0,0,279,79,5.55,-7.57,3.15,0,0,0,0,40,31,Drunk
0,0,156,80,5.65,-7.55,3.02,0,0,0,0,40,31,Drunk
0,0,255,78,5.67,-7.51,3.16,0,0,0,0,39,31,Drunk
0,0,248,80,5.66,-7.54,3.15,0,0,0,0,40,31,Drunk
0,0,215,79,5.66,-7.54,3.06,0,0,0,0,40,31,Drunk
0,0,249,81,5.58,-7.63,3.09,0,0,0,0,37,27,Drunk
0,0,236,79,5.62,-7.58,3.18,0,0,0,0,39,31,Drunk
0,0,279,79,5.65,-7.63,3.13,0,0,0,0,40,31,Drunk
0,0,156,79,5.62,-7.57,3.07,0,0,0,0,39,32,Drunk
0,0,255,80,5.69,-7.55,3.07,0,0,0,0,39,31,Drunk
0,0,248,79,5.63,-7.59,3.18,0,0,0,0,40,31,Drunk
0,0,215,79,5.67,-7.56,3.1,0,0,0,0,39,31,Drunk
0,0,249,79,5.68,-7.55,3.15,0,0,0,0,40,31,Drunk
0,0,236,79,5.68,-7.58,3.1,0,0,0,0,39,31,Drunk
0,1,279,79,5.61,-7.57,3.09,0,0,0,0,40,32,Drunk
0,1,156,79,5.62,-7.56,3.17,0,0,0,0,40,31,Drunk
0,0,255,79,5.66,-7.56,3.1,0,0,0,0,40,31,Drunk
0,0,248,79,5.66,-7.6,3.13,0,0,0,0,39,31,Drunk
0,0,215,79,5.66,-7.57,3.15,0,0,0,0,40,31,Drunk
0,0,249,79,5.65,-7.56,3.21,0,0,0,0,41,30,Drunk
0,0,236,81,5.64,-7.55,3.19,0,0,0,0,40,31,Drunk
0,1,279,78,5.64,-7.52,3.17,0,0,0,0,40,32,Drunk
0,0,156,79,5.65,-7.55,3.2,0,0,0,0,40,32,Drunk
0,3,255,79,5.67,-7.55,3.06,0,0,0,0,40,31,Drunk
0,1,248,79,5.6,-7.6,3.2,0,0,0,0,40,32,Drunk
0,1,215,79,5.61,-7.46,3.17,0,0,0,0,40,31,Drunk
0,0,249,79,5.63,-7.53,3.09,0,0,0,0,39,31,Drunk
0,0,236,79,5.61,-7.57,3.19,0,0,0,0,40,31,Drunk
0,0,279,79,5.6,-7.55,3.15,0,0,0,0,39,33,Drunk
0,0,156,79,5.61,-7.52,3.21,0,0,0,0,40,32,Drunk
0,3,236,79,5.68,-7.59,3,0,0,0,0,40,31,Drunk
0,2,279,78,5.65,-7.53,3.05,0,0,0,0,40,31,Drunk
0,1,156,79,5.67,-7.57,3.07,0,0,0,0,36,28,Drunk
0,0,214.8461538,79,5.63,-7.52,3.18,0,0,0,0,39,31,Drunk
0,1,212.7912088,81,5.62,-7.57,3.16,0,0,0,0,41,31,Drunk
0,0,210.7362637,77,5.7,-7.57,3.12,0,0,0,0,39,31,Drunk
0,1,208.6813187,78,5.63,-7.62,3.14,0,0,0,0,41,30,Drunk
0,2,206.6263736,78,5.61,-7.55,3.18,0,0,0,0,40,31,Drunk
0,0,204.5714286,79,5.64,-7.52,3.16,0,0,0,0,40,31,Drunk
0,2,202.5164835,78,5.69,-7.65,3.11,0,0,0,0,40,31,Drunk
0,2,200.4615385,79,5.64,-7.56,3.15,0,0,0,0,40,30,Drunk
0,1,200,79,5.59,-7.59,3.13,0,0,0,0,39,31,Drunk
0,2,205,79,5.69,-7.54,3.21,0,0,0,0,39,31,Drunk
0,1,78,78,5.64,-7.51,3.14,0,0,0,0,40,31,Drunk
0,1,264,79,5.67,-7.51,3.09,0,0,0,0,41,31,Drunk
0,0,199,79,5.68,-7.6,3.09,0,0,0,0,36,27,Drunk
0,3,189,79,5.67,-7.57,3.06,0,0,0,0,36,27,Drunk
0,5,155,78,5.64,-7.52,3.21,0,0,0,0,40,31,Drunk
0,3,256,79,5.67,-7.56,3.14,0,0,0,0,39,31,Drunk
0,2,245,77,5.62,-7.6,3.13,0,0,0,0,42,30,Drunk
0,2,289,79,5.59,-7.57,3.09,0,0,0,0,39,31,Drunk
0,3,274,77,5.6,-7.59,3.04,0,0,0,0,40,31,Drunk
0,5,126,79,5.65,-7.55,3.15,0,0,0,0,40,31,Drunk
0,4,154,79,5.59,-7.53,3.18,0,0,0,0,39,31,Drunk
0,4,198,78,5.6,-7.57,3.2,0,0,0,0,40,31,Drunk
0,4,147,79,5.6,-7.57,3.15,0,0,0,0,37,27,Drunk
0,4,156,78,5.68,-7.57,3.06,0,0,0,0,40,31,Drunk
0,5,288,78,5.62,-7.57,3.26,0,0,0,0,40,31,Drunk
0,5,293,79,5.64,-7.54,3.23,0,0,0,0,40,30,Drunk
0,5,269,79,5.62,-7.55,3.13,0,0,0,0,39,31,Drunk
0,5,289,79,5.65,-7.57,3.17,0,0,0,0,39,31,Drunk
0,5,248,78,5.63,-7.56,3.18,0,0,0,0,40,31,Drunk
0,5,249,77,5.68,-7.53,3.27,0,0,0,0,40,30,Drunk
0,5,250,78,5.64,-7.57,3.21,0,0,0,0,40,31,Drunk
0,6,304.5909091,79,5.67,-7.56,3.13,0,0,0,1,39,31,Drunk
0,6,317.2587413,79,5.58,-7.59,3.14,0,0,0,0,40,32,Drunk
0,6,329.9265734,79,5.69,-7.58,3.17,0,0,0,0,41,30,Drunk
0,5,342.5944056,79,5.57,-7.54,3.21,0,0,0,0,39,31,Drunk
0,7,355.2622378,77,5.56,-7.58,3.08,0,0,0,0,40,31,Drunk
0,6,367.9300699,78,5.68,-7.57,3.1,0,0,0,0,40,32,Drunk
0,6,380.5979021,77,5.69,-7.54,3.13,0,0,0,0,38,28,Drunk
0,8,393.2657343,79,5.57,-7.55,3.14,0,0,0,0,39,31,Drunk
0,7,405.9335664,79,5.67,-7.58,3.07,0,0,0,0,40,31,Drunk
0,8,418.6013986,79,5.66,-7.58,3.14,0,0,0,0,40,31,Drunk
0,9,431.2692308,78,5.69,-7.61,3.2,0,0,0,0,39,31,Drunk
0,8,443.9370629,78,5.69,-7.57,3.1,0,0,0,0,39,31,Drunk
0,7,456.6048951,77,5.59,-7.52,3.13,0,0,0,0,39,31,Drunk
0,7,469.2727273,78,5.67,-7.55,3.16,0,0,0,0,40,31,Drunk
0,7,481.9405594,78,5.64,-7.5,3.17,0,0,0,0,36,27,Drunk
0,7,494.6083916,76,5.68,-7.61,3.18,0,0,0,0,40,31,Drunk
0,7,507.2762238,78,5.65,-7.57,3.22,0,0,0,0,40,32,Drunk
0,5,519.9440559,79,5.62,-7.54,3.17,0,0,0,0,40,31,Drunk
0,4,532.6118881,78,5.64,-7.53,3.13,0,0,0,0,40,31,Drunk
0,3,545.2797203,79,5.64,-7.55,3.19,0,0,0,0,40,32,Drunk
0,3,557.9475524,79,5.67,-7.56,3.2,0,0,0,0,38,28,Drunk
0,2,570.6153846,78,5.66,-7.53,3.12,0,0,0,1,40,31,Drunk
0,1,256,78,5.58,-7.6,3.12,0,0,0,0,40,32,Drunk
0,1,145,78,5.59,-7.53,3.19,0,0,0,0,39,31,Drunk
0,0,256,78,5.67,-7.56,3.14,0,0,0,0,40,31,Drunk
0,0,14,76,5.68,-7.57,3.13,0,0,0,0,40,31,Drunk
0,0,7,78,5.57,-7.48,3.19,0,0,0,0,41,30,Drunk
0,0,1547,79,5.67,-7.55,3.06,0,0,0,0,39,31,Drunk
0,1,454,77,5.61,-7.54,3.15,0,0,0,0,38,27,Drunk
0,0,454,80,5.62,-7.57,3.11,0,0,0,0,41,32,Drunk
0,0,8,79,5.63,-7.56,3.18,0,0,0,0,41,31,Drunk
0,3,48,76,5.64,-7.53,3.17,0,0,0,0,39,31,Drunk
0,1,236,78,5.64,-7.58,3.11,0,0,0,0,40,31,Drunk
0,1,279,78,5.6,-7.55,3.06,0,0,0,0,40,31,Drunk
0,2,156,78,5.63,-7.59,3.04,0,0,0,1,37,28,Drunk
0,1,255,77,5.6,-7.53,3.11,0,0,0,0,40,31,Drunk
0,3,248,78,5.58,-7.52,3.15,0,0,0,0,40,31,Drunk
0,2,215,77,5.62,-7.56,3.13,0,0,0,0,39,31,Drunk
0,3,249,77,5.65,-7.54,3.18,0,0,0,0,40,31,Drunk
0,3,236,77,5.66,-7.52,3.18,0,0,0,0,39,31,Drunk
0,3,279,79,5.67,-7.53,3.07,0,0,0,0,37,28,Drunk
0,4,156,77,5.67,-7.54,3.14,0,0,0,0,40,30,Drunk
0,3,255,77,5.6,-7.56,3.21,0,0,0,0,40,31,Drunk
0,230,248,78,5.86,-7.86,2.82,0.07,0.07,0,0,39,31,Drunk
0,0,215,78,-0.57,-1,5.89,0.68,1.66,-0.18,0,36,27,Drunk
255,0,249,77,7.99,-3.75,6.8,-0.42,2.64,1.02,0,36,27,Drunk
44,255,236,78,2.73,-9.66,-3.84,-0.42,2.46,0.95,0,39,31,Drunk
214,228,279,77,3.44,-6.92,-4.45,-0.55,2.73,0.95,0,40,31,Drunk
180,236,156,79,6.84,-4.86,-4.62,-0.09,2.67,0.78,1,40,31,Drunk
117,216,255,77,8.57,-3.25,-3.81,-0.17,2.59,0.66,0,40,31,Drunk
78,191,248,77,9.3,-2.5,-3.72,-0.17,2.59,0.66,0,38,28,Drunk
56,167,215,79,9.48,-2.07,-3.81,-0.17,2.59,0.66,0,40,31,Drunk
39,150,249,77,9.6,-1.59,-3.71,-0.17,2.59,0.66,0,37,27,Drunk
14,137,236,77,9.75,-1.31,-3.66,-0.17,2.59,0.66,0,40,31,Drunk
254,121,279,78,9.86,-0.98,-3.4,-0.17,2.59,0.66,0,39,31,Drunk
237,110,156,78,9.74,-0.68,-3.22,-0.17,2.59,0.66,0,40,31,Drunk
227,105,255,78,9.99,-0.38,-3.33,-0.17,2.59,0.66,0,40,31,Drunk
219,96,248,78,9.84,-0.08,-3.25,-0.17,2.59,0.66,0,40,31,Drunk
205,91,215,78,9.93,-0.03,-3.42,-0.17,2.59,0.66,0,38,28,Drunk
198,85,249,79,9.84,-0.08,-3.32,-0.17,2.59,0.66,0,39,31,Drunk
194,81,236,78,9.83,-0.01,-3.32,-0.17,2.59,0.66,0,40,31,Drunk
181,74,279,78,9.83,0.1,-3.4,-0.17,2.59,0.66,0,40,31,Drunk
175,70,156,77,9.84,0.09,-3.41,-0.17,2.59,0.66,0,40,31,Drunk
168,71,255,78,9.8,0.03,-3.35,-0.17,2.59,0.66,1,40,31,Drunk
166,62,248,79,9.74,0.1,-3.48,-0.17,2.59,0.66,0,40,31,Drunk
156,61,215,79,9.77,0.18,-3.45,-0.17,2.59,0.66,0,40,31,Drunk
150,56,249,79,9.85,0.18,-3.51,-0.17,2.59,0.66,0,39,31,Drunk
146,56,236,79,9.83,0.15,-3.4,-0.17,2.59,0.66,0,41,30,Drunk
139,54,279,79,9.8,0.17,-3.43,-0.17,2.59,0.66,0,40,31,Drunk
136,52,156,76,9.76,0.21,-3.35,-0.17,2.59,0.66,0,40,31,Drunk
129,50,215,78,9.83,0.22,-3.56,-0.17,2.59,0.66,0,40,32,Drunk
128,50,249,79,9.79,0.18,-3.51,-0.17,2.59,0.66,0,39,32,Drunk
125,51,236,83,9.83,0.14,-3.5,-0.17,2.59,0.66,0,39,31,Drunk
120,44,279,79,9.78,0.17,-3.57,-0.17,2.59,0.66,0,40,30,Drunk
110,44,156,78,9.77,0.21,-3.47,-0.17,2.59,0.66,0,40,31,Drunk
108,43,255,78,9.81,0.23,-3.49,-0.17,2.59,0.66,0,40,31,Drunk
103,41,248,79,9.71,0.17,-3.42,-0.17,2.59,0.66,0,39,31,Drunk
99,40,215,78,9.72,0.21,-3.64,-0.17,2.59,0.66,0,39,31,Drunk
96,38,249,79,9.8,0.17,-3.39,-0.17,2.59,0.66,0,39,31,Drunk
95,36,236,79,9.84,0.26,-3.46,-0.17,2.59,0.66,0,40,31,Drunk
90,35,279,78,9.8,0.2,-3.49,-0.17,2.59,0.66,0,41,30,Drunk
83,33,156,78,9.78,0.22,-3.56,-0.17,2.59,0.66,0,40,31,Drunk
82,32,255,76,9.82,0.24,-3.53,-0.17,2.59,0.66,0,39,32,Drunk
81,29,248,79,9.76,0.17,-3.51,-0.17,2.59,0.66,0,41,32,Drunk
76,31,215,78,9.86,0.23,-3.57,-0.17,2.59,0.66,1,40,32,Drunk
72,29,249,78,9.78,0.24,-3.59,-0.17,2.59,0.66,0,40,32,Drunk
70,28,236,79,9.73,0.24,-3.62,-0.17,2.59,0.66,0,42,31,Drunk
69,29,279,77,9.75,0.24,-3.44,-0.17,2.59,0.66,0,40,30,Drunk
64,28,156,76,9.77,0.27,-3.56,-0.17,2.59,0.66,0,40,31,Drunk
62,30,255,76,9.77,0.27,-3.62,-0.17,2.59,0.66,1,39,31,Drunk
59,27,248,78,9.73,0.25,-3.61,-0.17,2.59,0.66,0,40,31,Drunk
54,25,215,78,9.72,0.21,-3.51,-0.17,2.59,0.66,0,37,28,Drunk
54,25,249,76,9.8,0.25,-3.61,-0.17,2.59,0.66,0,40,31,Drunk
52,25,236,78,9.78,0.28,-3.55,-0.17,2.59,0.66,0,39,31,Drunk
52,24,279,77,9.77,0.18,-3.53,-0.17,2.59,0.66,0,39,31,Drunk
46,24,156,78,9.78,0.22,-3.51,-0.17,2.59,0.66,0,39,31,Drunk
44,23,255,77,9.82,0.29,-3.65,-0.17,2.59,0.66,0,39,31,Drunk
42,23,248,78,9.79,0.23,-3.58,-0.17,2.59,0.66,0,40,31,Drunk
40,22,215,77,9.77,0.32,-3.63,-0.17,2.59,0.66,0,40,31,Drunk
40,23,249,75,9.79,0.27,-3.61,-0.17,2.59,0.66,0,40,31,Drunk
37,22,236,78,9.77,0.27,-3.61,-0.17,2.59,0.66,0,40,31,Drunk
35,21,279,77,9.82,0.28,-3.53,-0.17,2.59,0.66,0,39,31,Drunk
35,21,156,76,9.79,0.29,-3.57,-0.17,2.59,0.66,0,39,31,Drunk
32,17,255,77,9.82,0.24,-3.62,-0.17,2.59,0.66,0,39,31,Drunk
31,18,248,77,9.73,0.26,-3.59,-0.17,2.59,0.66,0,39,32,Drunk
30,17,215,77,9.79,0.26,-3.74,-0.17,2.59,0.66,0,39,31,Drunk
28,18,249,77,9.77,0.25,-3.58,-0.17,2.59,0.66,0,40,32,Drunk
28,18,236,77,9.72,0.24,-3.6,-0.17,2.59,0.66,0,39,32,Drunk
25,18,279,77,9.85,0.24,-3.59,-0.17,2.59,0.66,0,39,31,Drunk
25,18,156,78,9.78,0.26,-3.53,-0.17,2.59,0.66,0,40,31,Drunk
0,0,88,255,5.6,-7.59,3.06,0,0,0,0,36,28,Harmful Gas
0,0,88,253,5.64,-7.54,2.98,0,0,0,0,40,32,Harmful Gas
0,0,87,256,5.69,-7.55,3.01,0,0,0,0,40,31,Harmful Gas
0,0,86,254,5.65,-7.57,3.07,0,0,0,0,40,31,Harmful Gas
0,0,89,255,5.68,-7.51,3.08,0,0,0,0,39,31,Harmful Gas
0,0,87,2,5.65,-7.54,3.05,0,0,0,0,40,31,Harmful Gas
0,0,87,128,5.68,-7.59,3.11,0,0,0,0,40,31,Harmful Gas
0,0,87,199,5.62,-7.57,3.11,0,0,0,0,40,31,Harmful Gas
0,0,87,187,5.6,-7.57,3,0,0,0,0,40,31,Harmful Gas
0,0,86,165,5.63,-7.57,3.01,0,0,0,0,40,32,Harmful Gas
0,0,86,255,5.66,-7.56,2.97,0,0,0,0,40,32,Harmful Gas
0,0,85,269,5.63,-7.58,3.06,0,0,0,0,39,32,Harmful Gas
0,0,87,284,5.6,-7.63,3.03,0,0,0,0,40,32,Harmful Gas
0,0,86,279,5.56,-7.59,3.01,0,0,0,0,39,31,Harmful Gas
0,0,87,293.5,5.69,-7.56,3.08,0,0,0,0,39,31,Harmful Gas
0,0,86,302.2,5.57,-7.56,3.1,0,0,0,0,40,32,Harmful Gas
0,0,86,310.9,5.69,-7.58,3.05,0,0,0,0,40,31,Harmful Gas
0,0,85,319.6,5.58,-7.57,3.04,0,0,0,0,40,31,Harmful Gas
0,0,85,255,5.64,-7.59,3.13,0,0,0,0,38,28,Harmful Gas
0,0,85,253,5.65,-7.56,3.12,0,0,0,0,40,31,Harmful Gas
0,0,85,256,5.67,-7.64,3.02,0,0,0,0,40,31,Harmful Gas
0,0,86,254,5.67,-7.63,3.1,0,0,0,0,39,31,Harmful Gas
0,0,84,255,5.63,-7.57,3.01,0,0,0,0,39,31,Harmful Gas
0,0,85,2,5.63,-7.57,2.98,0,0,0,1,32,26,Harmful Gas
0,0,86,128,5.63,-7.61,3.01,0,0,0,0,40,31,Harmful Gas
0,0,83,199,5.57,-7.59,3.07,0,0,0,0,39,31,Harmful Gas
0,0,84,187,5.61,-7.6,3.17,0,0,0,0,38,33,Harmful Gas
0,0,84,165,5.63,-7.62,3.12,0,0,0,0,40,31,Harmful Gas
0,0,84,255,5.69,-7.51,3.09,0,0,0,0,40,32,Harmful Gas
0,0,85,269,5.74,-7.55,3.05,0,0,0,0,39,31,Harmful Gas
0,0,84,284,5.62,-7.53,2.96,0,0,0,0,32,26,Harmful Gas
0,0,85,279,5.64,-7.57,2.98,0,0,0,0,39,32,Harmful Gas
0,0,84,293.5,5.7,-7.58,3.1,0,0,0,0,32,26,Harmful Gas
0,0,84,302.2,5.66,-7.6,3.07,0,0,0,0,39,32,Harmful Gas
0,0,84,310.9,5.64,-7.57,3.06,0,0,0,0,39,31,Harmful Gas
0,0,84,319.6,5.73,-7.57,3.02,0,0,0,0,40,32,Harmful Gas
0,0,85,265.8419048,5.58,-7.58,3.13,0,0,0,0,39,32,Harmful Gas
0,0,83,267.397323,5.6,-7.51,3.13,0,0,0,0,40,31,Harmful Gas
0,0,83,268.9527413,5.68,-7.53,3.17,0,0,0,0,37,28,Harmful Gas
0,0,84,270.5081596,5.63,-7.56,3.18,0,0,0,0,40,31,Harmful Gas
0,0,82,272.0635779,5.63,-7.61,3.07,0,0,0,0,37,28,Harmful Gas
0,0,83,273.6189961,5.72,-7.63,3.07,0,0,0,0,40,31,Harmful Gas
0,0,83,275.1744144,5.65,-7.55,3.22,0,0,0,0,41,30,Harmful Gas
0,0,84,276.7298327,5.68,-7.61,3.05,0,0,0,0,40,31,Harmful Gas
0,0,85,278.285251,5.58,-7.57,3.04,0,0,0,0,40,31,Harmful Gas
0,0,83,279.8406692,5.59,-7.57,3.06,0,0,0,0,41,30,Harmful Gas
0,0,83,281.3960875,5.64,-7.57,3.2,0,0,0,0,38,27,Harmful Gas
0,0,83,282.9515058,5.64,-7.6,3.11,0,0,0,0,38,27,Harmful Gas
0,0,81,284.5069241,5.64,-7.57,3.11,0,0,0,0,39,31,Harmful Gas
0,0,82,286.0623423,5.7,-7.58,3.15,0,0,0,0,38,27,Harmful Gas
0,0,83,287.6177606,5.66,-7.6,3.17,0,0,0,0,38,27,Harmful Gas
0,0,83,289.1731789,5.63,-7.58,3.07,0,0,0,0,40,31,Harmful Gas
0,0,83,290.7285972,5.65,-7.58,3.07,0,0,0,0,39,32,Harmful Gas
0,0,84,292.2840154,5.62,-7.53,3.06,0,0,0,3,41,30,Harmful Gas
0,0,83,293.8394337,5.65,-7.54,3.08,0,0,0,0,34,25,Harmful Gas
0,0,82,295.394852,5.59,-7.6,3.13,0,0,0,0,39,31,Harmful Gas
0,0,83,296.9502703,5.61,-7.59,3.08,0,0,0,0,39,31,Harmful Gas
0,0,82,298.5056885,5.59,-7.59,3.12,0,0,0,0,39,31,Harmful Gas
0,0,83,300.0611068,5.66,-7.57,3,0,0,0,0,39,31,Harmful Gas
0,0,81,301.6165251,5.63,-7.53,3.1,0,0,0,0,40,31,Harmful Gas
0,0,83,303.1719434,5.61,-7.54,3.13,0,0,0,0,39,31,Harmful Gas
0,0,82,304.7273616,5.65,-7.5,3.08,0,0,0,0,34,27,Harmful Gas
0,0,83,306.2827799,5.64,-7.59,3.11,0,0,0,0,39,31,Harmful Gas
0,0,82,307.8381982,5.64,-7.56,3.05,0,0,0,0,38,27,Harmful Gas
0,0,81,309.3936165,5.64,-7.59,3.09,0,0,0,0,39,31,Harmful Gas
0,0,81,310.9490347,5.64,-7.55,3.21,0,0,0,0,40,31,Harmful Gas
0,0,82,312.504453,5.67,-7.6,3.03,0,0,0,0,39,31,Harmful Gas
0,0,83,314.0598713,5.56,-7.59,3.11,0,0,0,0,37,27,Harmful Gas
0,0,82,315.6152896,5.64,-7.59,3.12,0,0,0,0,40,31,Harmful Gas
0,0,82,317.1707079,5.65,-7.59,3.15,0,0,0,0,39,31,Harmful Gas
0,0,82,318.7261261,5.72,-7.6,2.97,0,0,0,0,39,32,Harmful Gas
0,0,82,320.2815444,5.62,-7.52,3.07,0,0,0,0,40,31,Harmful Gas
0,0,82,321.8369627,5.69,-7.57,3.03,0,0,0,0,39,32,Harmful Gas
0,0,82,323.392381,5.58,-7.57,3.07,0,0,0,0,39,32,Harmful Gas
0,0,80,324.9477992,5.62,-7.56,3.05,0,0,0,0,40,31,Harmful Gas
0,0,82,326.5032175,5.64,-7.6,3.04,0,0,0,0,40,31,Harmful Gas
0,0,83,328.0586358,5.62,-7.51,3.16,0,0,0,0,39,31,Harmful Gas
0,0,83,329.6140541,5.61,-7.54,3.26,0,0,0,1,40,31,Harmful Gas
0,0,82,331.1694723,5.64,-7.53,3.11,0,0,0,0,39,31,Harmful Gas
0,0,82,332.7248906,5.66,-7.55,3.12,0,0,0,0,39,31,Harmful Gas
0,0,80,334.2803089,5.61,-7.51,3.05,0,0,0,0,39,31,Harmful Gas
0,0,82,335.8357272,5.56,-7.57,3.05,0,0,0,0,40,31,Harmful Gas
0,0,82,337.3911454,5.63,-7.5,3.12,0,0,0,0,39,31,Harmful Gas
0,0,81,338.9465637,5.63,-7.61,3.18,0,0,0,0,40,32,Harmful Gas
0,0,82,340.501982,5.67,-7.57,3.1,0,0,0,0,30,25,Harmful Gas
0,0,81,342.0574003,5.62,-7.59,3.04,0,0,0,0,39,31,Harmful Gas
0,0,82,343.6128185,5.6,-7.56,3.07,0,0,0,0,39,31,Harmful Gas
0,0,82,345.1682368,5.67,-7.59,3.1,0,0,0,0,40,31,Harmful Gas
0,0,82,346.7236551,5.69,-7.56,3.13,0,0,0,0,30,26,Harmful Gas
0,0,82,348.2790734,5.64,-7.57,3.21,0,0,0,0,37,28,Harmful Gas
0,0,82,349.8344916,5.64,-7.57,3.1,0,0,0,0,39,31,Harmful Gas
0,0,81,351.3899099,5.66,-7.6,3.1,0,0,0,0,40,31,Harmful Gas
0,0,81,352.9453282,5.63,-7.54,3.07,0,0,0,0,39,31,Harmful Gas
0,0,82,354.5007465,5.69,-7.56,3.11,0,0,0,0,40,31,Harmful Gas
0,0,82,356.0561647,5.66,-7.53,3.07,0,0,0,0,40,31,Harmful Gas
0,0,82,357.611583,5.62,-7.59,3.11,0,0,0,0,40,31,Harmful Gas
0,0,81,359.1670013,5.65,-7.52,3.08,0,0,0,0,40,32,Harmful Gas
0,0,81,360.7224196,5.63,-7.6,3.21,0,0,0,0,40,31,Harmful Gas
0,0,80,362.2778378,5.64,-7.6,3.11,0,0,0,0,40,31,Harmful Gas
0,0,82,363.8332561,5.6,-7.55,3.11,0,0,0,0,41,30,Harmful Gas
0,0,82,365.3886744,5.6,-7.5,3.13,0,0,0,0,40,31,Harmful Gas
0,0,81,366.9440927,5.65,-7.55,3.12,0,0,0,0,39,31,Harmful Gas
0,0,82,368.4995109,5.68,-7.56,3.23,0,0,0,0,39,31,Harmful Gas
0,0,81,370.0549292,5.67,-7.55,3.1,0,0,0,0,40,31,Harmful Gas
0,0,82,371.6103475,5.65,-7.51,3.13,0,0,0,0,39,27,Harmful Gas
0,0,81,373.1657658,5.63,-7.61,3.05,0,0,0,0,40,31,Harmful Gas
0,0,82,374.721184,5.62,-7.59,3.03,0,0,0,0,39,31,Harmful Gas
0,0,82,376.2766023,5.61,-7.58,3.13,0,0,0,0,41,30,Harmful Gas
0,0,81,377.8320206,5.64,-7.53,3.07,0,0,0,0,40,31,Harmful Gas
0,0,82,379.3874389,5.63,-7.57,3.18,0,0,0,0,40,31,Harmful Gas
0,0,82,380.9428571,5.62,-7.56,3.11,0,0,0,0,40,31,Harmful Gas
0,0,80,382.4982754,5.64,-7.57,3.14,0,0,0,0,39,31,Harmful Gas
0,0,81,384.0536937,5.64,-7.55,3.13,0,0,0,0,40,31,Harmful Gas
0,0,81,385.609112,5.65,-7.63,3.11,0,0,0,0,39,31,Harmful Gas
0,0,82,387.1645302,5.61,-7.54,3.07,0,0,0,0,40,31,Harmful Gas
0,0,83,388.7199485,5.65,-7.59,3.13,0,0,0,0,40,31,Harmful Gas
0,0,81,390.2753668,5.66,-7.52,3.02,0,0,0,0,41,30,Harmful Gas
0,0,81,391.8307851,5.72,-7.55,3.09,0,0,0,0,40,31,Harmful Gas
0,0,81,393.3862033,5.68,-7.53,3.14,0,0,0,0,38,27,Harmful Gas
0,0,83,394.9416216,5.67,-7.6,3.04,0,0,0,0,40,31,Harmful Gas
0,0,82,396.4970399,5.57,-7.57,3.1,0,0,0,0,39,31,Harmful Gas
0,0,81,398.0524582,5.64,-7.56,3.07,0,0,0,0,39,31,Harmful Gas
0,0,81,399.6078764,5.58,-7.64,3.14,0,0,0,0,38,27,Harmful Gas
0,0,80,401.1632947,5.64,-7.56,3.07,0,0,0,0,39,31,Harmful Gas
0,0,81,402.718713,5.67,-7.59,3.14,0,0,0,0,40,31,Harmful Gas
0,0,81,404.2741313,5.62,-7.52,3.05,0,0,0,0,39,31,Harmful Gas
0,0,81,405.8295495,5.62,-7.6,3.12,0,0,0,0,39,31,Harmful Gas
0,0,81,407.3849678,5.61,-7.59,3.06,0,0,0,0,39,31,Harmful Gas
0,0,80,408.9403861,5.64,-7.56,3.07,0,0,0,0,39,31,Harmful Gas
0,0,81,410.4958044,5.62,-7.61,3.12,0,0,0,0,40,32,Harmful Gas
0,0,82,412.0512227,5.62,-7.54,3.07,0,0,0,0,40,31,Harmful Gas
0,0,80,413.6066409,5.64,-7.58,3.08,0,0,0,0,39,31,Harmful Gas
0,0,81,415.1620592,5.65,-7.6,3.13,0,0,0,0,40,31,Harmful Gas
0,0,81,416.7174775,5.66,-7.6,3.07,0,0,0,0,40,31,Harmful Gas
0,0,80,418.2728958,5.63,-7.55,3.12,0,0,0,0,40,31,Harmful Gas
0,0,84,419.828314,5.69,-7.55,3.09,0,0,0,0,40,31,Harmful Gas
0,0,81,421.3837323,5.57,-7.55,3.08,0,0,0,0,40,31,Harmful Gas
0,0,81,422.9391506,5.62,-7.58,3.05,0,0,0,0,40,31,Harmful Gas
0,0,80,424.4945689,5.65,-7.56,3.01,0,0,0,1,40,31,Harmful Gas
0,0,80,426.0499871,5.65,-7.62,3.11,0,0,0,0,39,31,Harmful Gas
0,0,80,427.6054054,5.67,-7.6,3.1,0,0,0,0,40,32,Harmful Gas
0,0,81,429.1608237,5.61,-7.6,3.21,0,0,0,0,39,32,Harmful Gas
0,0,80,430.716242,5.65,-7.57,3.11,0,0,0,0,40,31,Harmful Gas
0,0,81,432.2716602,5.61,-7.59,3.15,0,0,0,0,40,31,Harmful Gas
0,0,80,433.8270785,5.72,-7.61,3.13,0,0,0,0,40,30,Harmful Gas
0,0,80,435.3824968,5.62,-7.57,3.09,0,0,0,0,39,31,Harmful Gas
0,0,81,436.9379151,5.63,-7.52,3.08,0,0,0,0,37,28,Harmful Gas
0,0,80,438.4933333,5.65,-7.62,3.09,0,0,0,0,40,31,Harmful Gas
0,0,83,440.0487516,5.62,-7.59,3.09,0,0,0,0,39,28,Harmful Gas
0,0,80,441.6041699,5.61,-7.6,3.14,0,0,0,0,40,31,Harmful Gas
0,0,80,443.1595882,5.66,-7.59,3.06,0,0,0,0,40,31,Harmful Gas
0,0,82,444.7150064,5.68,-7.55,3.21,0,0,0,0,40,31,Harmful Gas
0,0,78,446.2704247,5.58,-7.57,3.14,0,0,0,0,41,30,Harmful Gas
0,0,81,447.825843,5.63,-7.54,3.07,0,0,0,0,36,27,Harmful Gas
0,0,81,449.3812613,5.69,-7.59,3.18,0,0,0,0,40,31,Harmful Gas
0,0,81,450.9366795,5.66,-7.59,3.14,0,0,0,0,39,31,Harmful Gas
0,0,81,452.4920978,5.63,-7.53,3.11,0,0,0,0,39,25,Harmful Gas
0,0,80,454.0475161,5.59,-7.56,3.05,0,0,0,0,40,31,Harmful Gas
0,0,81,455.6029344,5.62,-7.55,3.12,0,0,0,0,39,31,Harmful Gas
0,0,81,457.1583526,5.6,-7.59,3.05,0,0,0,0,39,31,Harmful Gas
0,0,80,458.7137709,5.7,-7.58,3.13,0,0,0,0,38,27,Harmful Gas
0,0,81,460.2691892,5.6,-7.61,3.11,0,0,0,0,37,27,Harmful Gas
0,0,81,461.8246075,5.64,-7.53,3.12,0,0,0,0,39,31,Harmful Gas
0,0,81,463.3800257,5.62,-7.56,3.12,0,0,0,0,37,28,Harmful Gas
0,0,81,464.935444,5.64,-7.51,3.03,0,0,0,0,40,31,Harmful Gas
0,0,80,466.4908623,5.62,-7.52,3.05,0,0,0,0,40,31,Harmful Gas
0,0,80,468.0462806,5.68,-7.49,3.12,0,0,0,0,40,31,Harmful Gas
0,0,82,469.6016988,5.6,-7.55,3.13,0,0,0,0,40,32,Harmful Gas
0,0,80,471.1571171,5.59,-7.58,3.1,0,0,0,0,41,32,Harmful Gas
0,0,81,472.7125354,5.61,-7.56,3.13,0,0,0,0,37,28,Harmful Gas
0,0,80,474.2679537,5.62,-7.56,3.16,0,0,0,0,39,31,Harmful Gas
0,0,80,475.8233719,5.64,-7.51,3.1,0,0,0,0,39,31,Harmful Gas
0,0,81,477.3787902,5.62,-7.57,3.15,0,0,0,0,40,31,Harmful Gas
0,0,79,478.9342085,5.65,-7.55,3.08,0,0,0,0,40,32,Harmful Gas
0,0,80,480.4896268,5.68,-7.53,3.14,0,0,0,0,40,31,Harmful Gas
0,0,81,482.045045,5.67,-7.54,3.14,0,0,0,0,39,31,Harmful Gas
0,0,80,483.6004633,5.65,-7.6,3.15,0,0,0,0,42,30,Harmful Gas
0,0,81,485.1558816,5.7,-7.57,3.16,0,0,0,0,40,31,Harmful Gas
0,0,80,486.7112999,5.6,-7.58,3.17,0,0,0,0,39,31,Harmful Gas
0,0,80,488.2667181,5.64,-7.59,3.1,0,0,0,0,40,31,Harmful Gas
0,0,81,489.8221364,5.68,-7.58,3.11,0,0,0,0,41,31,Harmful Gas
0,0,80,491.3775547,5.62,-7.62,3.03,0,0,0,0,37,28,Harmful Gas
0,0,79,492.932973,5.62,-7.63,3.11,0,0,0,0,39,32,Harmful Gas
0,0,80,494.4883912,5.68,-7.56,3.21,0,0,0,0,36,27,Harmful Gas
0,0,81,496.0438095,5.69,-7.59,3.16,0,0,0,0,41,30,Harmful Gas
0,0,80,497.5992278,5.65,-7.58,3.13,0,0,0,0,39,31,Harmful Gas
0,0,81,499.1546461,5.59,-7.57,3.25,0,0,0,0,40,31,Harmful Gas
0,0,80,500.7100644,5.59,-7.59,3.1,0,0,0,0,39,31,Harmful Gas
0,0,80,502.2654826,5.68,-7.58,3.12,0,0,0,0,40,31,Harmful Gas
0,0,78,503.8209009,5.65,-7.62,3.06,0,0,0,0,36,27,Harmful Gas
0,0,81,505.3763192,5.64,-7.55,3.23,0,0,0,0,40,31,Harmful Gas
0,0,80,255,5.64,-7.55,3.18,0,0,0,0,39,31,Harmful Gas
0,0,80,248,5.64,-7.57,3.01,0,0,0,0,36,27,Harmful Gas
0,0,80,215,5.66,-7.57,3.07,0,0,0,0,39,31,Harmful Gas
0,0,80,249,5.64,-7.53,3.12,0,0,0,0,39,31,Harmful Gas
0,0,81,236,5.6,-7.58,3.18,0,0,0,0,40,31,Harmful Gas
0,0,79,279,5.59,-7.59,3.16,0,0,0,0,39,32,Harmful Gas
0,0,80,156,5.61,-7.54,3.23,0,0,0,0,40,31,Harmful Gas
0,0,80,255,5.65,-7.53,3.2,0,0,0,0,41,30,Harmful Gas
0,0,80,248,5.65,-7.54,3.17,0,0,0,0,39,31,Harmful Gas
0,0,79,215,5.61,-7.59,3.11,0,0,0,0,40,31,Harmful Gas
0,0,80,249,5.62,-7.58,3.16,0,0,0,0,40,31,Harmful Gas
0,0,80,236,5.66,-7.52,3.16,0,0,0,0,40,32,Harmful Gas
0,0,80,279,5.67,-7.52,3.09,0,0,0,0,40,31,Harmful Gas
0,0,80,156,5.62,-7.58,2.99,0,0,0,0,40,32,Harmful Gas
0,0,80,255,5.62,-7.58,3.13,0,0,0,0,40,31,Harmful Gas
0,0,78,248,5.6,-7.56,3.1,0,0,0,0,39,31,Harmful Gas
0,0,80,215,5.67,-7.53,3.04,0,0,0,1,40,31,Harmful Gas
0,0,80,249,5.64,-7.57,3.12,0,0,0,0,40,31,Harmful Gas
0,0,80,236,5.6,-7.59,3.06,0,0,0,0,40,32,Harmful Gas
0,0,81,279,5.61,-7.55,3.13,0,0,0,0,40,32,Harmful Gas
0,0,80,156,5.57,-7.57,3.21,0,0,0,0,38,28,Harmful Gas
0,0,80,255,5.62,-7.58,3.01,0,0,0,0,40,31,Harmful Gas
0,0,80,248,5.63,-7.52,3.07,0,0,0,0,40,31,Harmful Gas
0,0,80,215,5.62,-7.48,3.09,0,0,0,0,41,30,Harmful Gas
0,0,78,249,5.58,-7.57,3.19,0,0,0,0,41,30,Harmful Gas
0,0,80,236,5.63,-7.54,3.11,0,0,0,0,40,31,Harmful Gas
0,0,80,279,5.73,-7.59,3.15,0,0,0,0,40,32,Harmful Gas
0,0,81,156,5.63,-7.6,3.12,0,0,0,0,40,31,Harmful Gas
0,0,79,255,5.64,-7.59,3.2,0,0,0,0,39,31,Harmful Gas
0,0,80,248,5.62,-7.54,3.06,0,0,0,0,40,31,Harmful Gas
0,0,81,215,5.64,-7.59,3.07,0,0,0,0,40,31,Harmful Gas
0,0,79,249,5.67,-7.56,3.1,0,0,0,0,40,31,Harmful Gas
0,0,78,236,5.66,-7.53,3.08,0,0,0,0,40,31,Harmful Gas
0,0,80,279,5.66,-7.58,3.07,0,0,0,0,39,31,Harmful Gas
0,0,79,156,5.68,-7.51,3.18,0,0,0,0,39,31,Harmful Gas
0,0,79,255,5.65,-7.58,3.12,0,0,0,0,40,30,Harmful Gas
0,0,79,248,5.67,-7.61,3.07,0,0,0,0,40,31,Harmful Gas
0,0,79,215,5.67,-7.54,3.09,0,0,0,0,40,31,Harmful Gas
0,0,81,249,5.6,-7.52,3.16,0,0,0,0,39,31,Harmful Gas
0,0,80,236,5.63,-7.55,3.18,0,0,0,0,40,31,Harmful Gas
0,0,78,279,5.69,-7.6,3.04,0,0,0,0,35,27,Harmful Gas
0,0,79,156,5.62,-7.58,3.11,0,0,0,1,40,31,Harmful Gas
0,0,81,255,5.65,-7.55,3.17,0,0,0,0,39,31,Harmful Gas
0,0,79,248,5.59,-7.55,3.13,0,0,0,0,40,31,Harmful Gas
0,0,79,215,5.63,-7.62,3.19,0,0,0,0,39,31,Harmful Gas
0,0,80,249,5.63,-7.52,3.09,0,0,0,0,39,31,Harmful Gas
0,0,80,236,5.57,-7.59,3.23,0,0,0,0,40,31,Harmful Gas
0,0,81,279,5.71,-7.62,3.01,0,0,0,0,40,31,Harmful Gas
0,0,79,156,5.62,-7.55,3.13,0,0,0,0,40,31,Harmful Gas
0,0,79,215,5.58,-7.58,3.17,0,0,0,0,40,31,Harmful Gas
0,0,79,249,5.6,-7.55,3.14,0,0,0,0,40,31,Harmful Gas
0,0,82,236,5.67,-7.59,3.19,0,0,0,0,40,31,Harmful Gas
0,0,79,279,5.59,-7.59,3.09,0,0,0,0,40,31,Harmful Gas
0,0,79,156,5.63,-7.56,3.13,0,0,0,0,36,27,Harmful Gas
0,0,80,255,5.69,-7.56,3.17,0,0,0,0,37,27,Harmful Gas
0,0,79,248,5.65,-7.55,3.15,0,0,0,0,40,31,Harmful Gas
0,0,79,215,5.63,-7.53,3.2,0,0,0,0,40,31,Harmful Gas
0,0,79,249,5.65,-7.56,3.14,0,0,0,0,37,27,Harmful Gas
0,0,81,236,5.61,-7.63,3.15,0,0,0,0,40,31,Harmful Gas
0,0,79,279,5.55,-7.57,3.15,0,0,0,0,40,31,Harmful Gas
0,0,80,156,5.65,-7.55,3.02,0,0,0,0,40,31,Harmful Gas
0,0,78,255,5.67,-7.51,3.16,0,0,0,0,39,31,Harmful Gas
0,0,80,248,5.66,-7.54,3.15,0,0,0,0,40,31,Harmful Gas
0,0,79,215,5.66,-7.54,3.06,0,0,0,0,40,31,Harmful Gas
0,0,81,249,5.58,-7.63,3.09,0,0,0,0,37,27,Harmful Gas
0,0,79,236,5.62,-7.58,3.18,0,0,0,0,39,31,Harmful Gas
0,0,79,279,5.65,-7.63,3.13,0,0,0,0,40,31,Harmful Gas
0,0,79,156,5.62,-7.57,3.07,0,0,0,0,39,32,Harmful Gas
0,0,80,255,5.69,-7.55,3.07,0,0,0,0,39,31,Harmful Gas
0,0,79,248,5.63,-7.59,3.18,0,0,0,0,40,31,Harmful Gas
0,0,79,215,5.67,-7.56,3.1,0,0,0,0,39,31,Harmful Gas
0,0,79,249,5.68,-7.55,3.15,0,0,0,0,40,31,Harmful Gas
0,0,79,236,5.68,-7.58,3.1,0,0,0,0,39,31,Harmful Gas
0,1,79,279,5.61,-7.57,3.09,0,0,0,0,40,32,Harmful Gas
0,1,79,156,5.62,-7.56,3.17,0,0,0,0,40,31,Harmful Gas
0,0,79,255,5.66,-7.56,3.1,0,0,0,0,40,31,Harmful Gas
0,0,79,248,5.66,-7.6,3.13,0,0,0,0,39,31,Harmful Gas
0,0,79,215,5.66,-7.57,3.15,0,0,0,0,40,31,Harmful Gas
0,0,79,249,5.65,-7.56,3.21,0,0,0,0,41,30,Harmful Gas
0,0,81,236,5.64,-7.55,3.19,0,0,0,0,40,31,Harmful Gas
0,1,78,279,5.64,-7.52,3.17,0,0,0,0,40,32,Harmful Gas
0,0,79,156,5.65,-7.55,3.2,0,0,0,0,40,32,Harmful Gas
0,3,79,255,5.67,-7.55,3.06,0,0,0,0,40,31,Harmful Gas
0,1,79,248,5.6,-7.6,3.2,0,0,0,0,40,32,Harmful Gas
0,1,79,215,5.61,-7.46,3.17,0,0,0,0,40,31,Harmful Gas
0,0,79,249,5.63,-7.53,3.09,0,0,0,0,39,31,Harmful Gas
0,0,79,236,5.61,-7.57,3.19,0,0,0,0,40,31,Harmful Gas
0,0,79,279,5.6,-7.55,3.15,0,0,0,0,39,33,Harmful Gas
0,0,79,156,5.61,-7.52,3.21,0,0,0,0,40,32,Harmful Gas
0,3,79,236,5.68,-7.59,3,0,0,0,0,40,31,Harmful Gas
0,2,78,279,5.65,-7.53,3.05,0,0,0,0,40,31,Harmful Gas
0,1,79,156,5.67,-7.57,3.07,0,0,0,0,36,28,Harmful Gas
0,0,79,214.8461538,5.63,-7.52,3.18,0,0,0,0,39,31,Harmful Gas
0,1,81,212.7912088,5.62,-7.57,3.16,0,0,0,0,41,31,Harmful Gas
0,0,77,210.7362637,5.7,-7.57,3.12,0,0,0,0,39,31,Harmful Gas
0,1,78,208.6813187,5.63,-7.62,3.14,0,0,0,0,41,30,Harmful Gas
0,2,78,206.6263736,5.61,-7.55,3.18,0,0,0,0,40,31,Harmful Gas
0,0,79,204.5714286,5.64,-7.52,3.16,0,0,0,0,40,31,Harmful Gas
0,2,78,202.5164835,5.69,-7.65,3.11,0,0,0,0,40,31,Harmful Gas
0,2,79,200.4615385,5.64,-7.56,3.15,0,0,0,0,40,30,Harmful Gas
0,1,79,200,5.59,-7.59,3.13,0,0,0,0,39,31,Harmful Gas
0,2,79,205,5.69,-7.54,3.21,0,0,0,0,39,31,Harmful Gas
0,1,78,78,5.64,-7.51,3.14,0,0,0,0,40,31,Harmful Gas
0,1,79,264,5.67,-7.51,3.09,0,0,0,0,41,31,Harmful Gas
0,0,79,199,5.68,-7.6,3.09,0,0,0,0,36,27,Harmful Gas
0,3,79,189,5.67,-7.57,3.06,0,0,0,0,36,27,Harmful Gas
0,5,78,155,5.64,-7.52,3.21,0,0,0,0,40,31,Harmful Gas
0,3,79,256,5.67,-7.56,3.14,0,0,0,0,39,31,Harmful Gas
0,2,77,245,5.62,-7.6,3.13,0,0,0,0,42,30,Harmful Gas
0,2,79,289,5.59,-7.57,3.09,0,0,0,0,39,31,Harmful Gas
0,3,77,274,5.6,-7.59,3.04,0,0,0,0,40,31,Harmful Gas
0,5,79,126,5.65,-7.55,3.15,0,0,0,0,40,31,Harmful Gas
0,4,79,154,5.59,-7.53,3.18,0,0,0,0,39,31,Harmful Gas
0,4,78,198,5.6,-7.57,3.2,0,0,0,0,40,31,Harmful Gas
0,4,79,147,5.6,-7.57,3.15,0,0,0,0,37,27,Harmful Gas
0,4,78,156,5.68,-7.57,3.06,0,0,0,0,40,31,Harmful Gas
0,5,78,288,5.62,-7.57,3.26,0,0,0,0,40,31,Harmful Gas
0,5,79,293,5.64,-7.54,3.23,0,0,0,0,40,30,Harmful Gas
0,5,79,269,5.62,-7.55,3.13,0,0,0,0,39,31,Harmful Gas
0,5,79,289,5.65,-7.57,3.17,0,0,0,0,39,31,Harmful Gas
0,5,78,248,5.63,-7.56,3.18,0,0,0,0,40,31,Harmful Gas
0,5,77,249,5.68,-7.53,3.27,0,0,0,0,40,30,Harmful Gas
0,5,78,250,5.64,-7.57,3.21,0,0,0,0,40,31,Harmful Gas
0,6,79,304.5909091,5.67,-7.56,3.13,0,0,0,1,39,31,Harmful Gas
0,6,79,317.2587413,5.58,-7.59,3.14,0,0,0,0,40,32,Harmful Gas
0,6,79,329.9265734,5.69,-7.58,3.17,0,0,0,0,41,30,Harmful Gas
0,5,79,342.5944056,5.57,-7.54,3.21,0,0,0,0,39,31,Harmful Gas
0,7,77,355.2622378,5.56,-7.58,3.08,0,0,0,0,40,31,Harmful Gas
0,6,78,367.9300699,5.68,-7.57,3.1,0,0,0,0,40,32,Harmful Gas
0,6,77,380.5979021,5.69,-7.54,3.13,0,0,0,0,38,28,Harmful Gas
0,8,79,393.2657343,5.57,-7.55,3.14,0,0,0,0,39,31,Harmful Gas
0,7,79,405.9335664,5.67,-7.58,3.07,0,0,0,0,40,31,Harmful Gas
0,8,79,418.6013986,5.66,-7.58,3.14,0,0,0,0,40,31,Harmful Gas
0,9,78,431.2692308,5.69,-7.61,3.2,0,0,0,0,39,31,Harmful Gas
0,8,78,443.9370629,5.69,-7.57,3.1,0,0,0,0,39,31,Harmful Gas
0,7,77,456.6048951,5.59,-7.52,3.13,0,0,0,0,39,31,Harmful Gas
0,7,78,469.2727273,5.67,-7.55,3.16,0,0,0,0,40,31,Harmful Gas
0,7,78,481.9405594,5.64,-7.5,3.17,0,0,0,0,36,27,Harmful Gas
0,7,76,494.6083916,5.68,-7.61,3.18,0,0,0,0,40,31,Harmful Gas
0,7,78,507.2762238,5.65,-7.57,3.22,0,0,0,0,40,32,Harmful Gas
0,5,79,519.9440559,5.62,-7.54,3.17,0,0,0,0,40,31,Harmful Gas
0,4,78,532.6118881,5.64,-7.53,3.13,0,0,0,0,40,31,Harmful Gas
0,3,79,545.2797203,5.64,-7.55,3.19,0,0,0,0,40,32,Harmful Gas
0,3,79,557.9475524,5.67,-7.56,3.2,0,0,0,0,38,28,Harmful Gas
0,2,78,570.6153846,5.66,-7.53,3.12,0,0,0,1,40,31,Harmful Gas
0,1,78,256,5.58,-7.6,3.12,0,0,0,0,40,32,Harmful Gas
0,1,78,145,5.59,-7.53,3.19,0,0,0,0,39,31,Harmful Gas
0,0,78,256,5.67,-7.56,3.14,0,0,0,0,40,31,Harmful Gas
0,0,76,14,5.68,-7.57,3.13,0,0,0,0,40,31,Harmful Gas
0,0,78,7,5.57,-7.48,3.19,0,0,0,0,41,30,Harmful Gas
0,0,79,1547,5.67,-7.55,3.06,0,0,0,0,39,31,Harmful Gas
0,1,77,454,5.61,-7.54,3.15,0,0,0,0,38,27,Harmful Gas
0,0,80,454,5.62,-7.57,3.11,0,0,0,0,41,32,Harmful Gas
0,0,79,8,5.63,-7.56,3.18,0,0,0,0,41,31,Harmful Gas
0,3,76,48,5.64,-7.53,3.17,0,0,0,0,39,31,Harmful Gas
0,1,78,236,5.64,-7.58,3.11,0,0,0,0,40,31,Harmful Gas
0,1,78,279,5.6,-7.55,3.06,0,0,0,0,40,31,Harmful Gas
0,2,78,156,5.63,-7.59,3.04,0,0,0,1,37,28,Harmful Gas
0,1,77,255,5.6,-7.53,3.11,0,0,0,0,40,31,Harmful Gas
0,3,78,248,5.58,-7.52,3.15,0,0,0,0,40,31,Harmful Gas
0,2,77,215,5.62,-7.56,3.13,0,0,0,0,39,31,Harmful Gas
0,3,77,249,5.65,-7.54,3.18,0,0,0,0,40,31,Harmful Gas
0,3,77,236,5.66,-7.52,3.18,0,0,0,0,39,31,Harmful Gas
0,3,79,279,5.67,-7.53,3.07,0,0,0,0,37,28,Harmful Gas
0,4,77,156,5.67,-7.54,3.14,0,0,0,0,40,30,Harmful Gas
0,3,77,255,5.6,-7.56,3.21,0,0,0,0,40,31,Harmful Gas
0,230,78,248,5.86,-7.86,2.82,0.07,0.07,0,0,39,31,Harmful Gas
0,0,78,215,-0.57,-1,5.89,0.68,1.66,-0.18,0,36,27,Harmful Gas
255,0,77,249,7.99,-3.75,6.8,-0.42,2.64,1.02,0,36,27,Harmful Gas
44,255,78,236,2.73,-9.66,-3.84,-0.42,2.46,0.95,0,39,31,Harmful Gas
214,228,77,279,3.44,-6.92,-4.45,-0.55,2.73,0.95,0,40,31,Harmful Gas
180,236,79,156,6.84,-4.86,-4.62,-0.09,2.67,0.78,1,40,31,Harmful Gas
117,216,77,255,8.57,-3.25,-3.81,-0.17,2.59,0.66,0,40,31,Harmful Gas
78,191,77,248,9.3,-2.5,-3.72,-0.17,2.59,0.66,0,38,28,Harmful Gas
56,167,79,215,9.48,-2.07,-3.81,-0.17,2.59,0.66,0,40,31,Harmful Gas
39,150,77,249,9.6,-1.59,-3.71,-0.17,2.59,0.66,0,37,27,Harmful Gas
14,137,77,236,9.75,-1.31,-3.66,-0.17,2.59,0.66,0,40,31,Harmful Gas
254,121,78,279,9.86,-0.98,-3.4,-0.17,2.59,0.66,0,39,31,Harmful Gas
237,110,78,156,9.74,-0.68,-3.22,-0.17,2.59,0.66,0,40,31,Harmful Gas
227,105,78,255,9.99,-0.38,-3.33,-0.17,2.59,0.66,0,40,31,Harmful Gas
219,96,78,248,9.84,-0.08,-3.25,-0.17,2.59,0.66,0,40,31,Harmful Gas
205,91,78,215,9.93,-0.03,-3.42,-0.17,2.59,0.66,0,38,28,Harmful Gas
198,85,79,249,9.84,-0.08,-3.32,-0.17,2.59,0.66,0,39,31,Harmful Gas
194,81,78,236,9.83,-0.01,-3.32,-0.17,2.59,0.66,0,40,31,Harmful Gas
181,74,78,279,9.83,0.1,-3.4,-0.17,2.59,0.66,0,40,31,Harmful Gas
175,70,77,156,9.84,0.09,-3.41,-0.17,2.59,0.66,0,40,31,Harmful Gas
168,71,78,255,9.8,0.03,-3.35,-0.17,2.59,0.66,1,40,31,Harmful Gas
166,62,79,248,9.74,0.1,-3.48,-0.17,2.59,0.66,0,40,31,Harmful Gas
156,61,79,215,9.77,0.18,-3.45,-0.17,2.59,0.66,0,40,31,Harmful Gas
150,56,79,249,9.85,0.18,-3.51,-0.17,2.59,0.66,0,39,31,Harmful Gas
146,56,79,236,9.83,0.15,-3.4,-0.17,2.59,0.66,0,41,30,Harmful Gas
139,54,79,279,9.8,0.17,-3.43,-0.17,2.59,0.66,0,40,31,Harmful Gas
136,52,76,156,9.76,0.21,-3.35,-0.17,2.59,0.66,0,40,31,Harmful Gas
129,50,78,215,9.83,0.22,-3.56,-0.17,2.59,0.66,0,40,32,Harmful Gas
128,50,79,249,9.79,0.18,-3.51,-0.17,2.59,0.66,0,39,32,Harmful Gas
125,51,83,236,9.83,0.14,-3.5,-0.17,2.59,0.66,0,39,31,Harmful Gas
120,44,79,279,9.78,0.17,-3.57,-0.17,2.59,0.66,0,40,30,Harmful Gas
110,44,78,156,9.77,0.21,-3.47,-0.17,2.59,0.66,0,40,31,Harmful Gas
108,43,78,255,9.81,0.23,-3.49,-0.17,2.59,0.66,0,40,31,Harmful Gas
103,41,79,248,9.71,0.17,-3.42,-0.17,2.59,0.66,0,39,31,Harmful Gas
99,40,78,215,9.72,0.21,-3.64,-0.17,2.59,0.66,0,39,31,Harmful Gas
96,38,79,249,9.8,0.17,-3.39,-0.17,2.59,0.66,0,39,31,Harmful Gas
95,36,79,236,9.84,0.26,-3.46,-0.17,2.59,0.66,0,40,31,Harmful Gas
90,35,78,279,9.8,0.2,-3.49,-0.17,2.59,0.66,0,41,30,Harmful Gas
83,33,78,156,9.78,0.22,-3.56,-0.17,2.59,0.66,0,40,31,Harmful Gas
82,32,76,255,9.82,0.24,-3.53,-0.17,2.59,0.66,0,39,32,Harmful Gas
81,29,79,248,9.76,0.17,-3.51,-0.17,2.59,0.66,0,41,32,Harmful Gas
76,31,78,215,9.86,0.23,-3.57,-0.17,2.59,0.66,1,40,32,Harmful Gas
72,29,78,249,9.78,0.24,-3.59,-0.17,2.59,0.66,0,40,32,Harmful Gas
70,28,79,236,9.73,0.24,-3.62,-0.17,2.59,0.66,0,42,31,Harmful Gas
69,29,77,279,9.75,0.24,-3.44,-0.17,2.59,0.66,0,40,30,Harmful Gas
64,28,76,156,9.77,0.27,-3.56,-0.17,2.59,0.66,0,40,31,Harmful Gas
62,30,76,255,9.77,0.27,-3.62,-0.17,2.59,0.66,1,39,31,Harmful Gas
59,27,78,248,9.73,0.25,-3.61,-0.17,2.59,0.66,0,40,31,Harmful Gas
54,25,78,215,9.72,0.21,-3.51,-0.17,2.59,0.66,0,37,28,Harmful Gas
54,25,76,249,9.8,0.25,-3.61,-0.17,2.59,0.66,0,40,31,Harmful Gas
52,25,78,236,9.78,0.28,-3.55,-0.17,2.59,0.66,0,39,31,Harmful Gas
52,24,77,279,9.77,0.18,-3.53,-0.17,2.59,0.66,0,39,31,Harmful Gas
46,24,78,156,9.78,0.22,-3.51,-0.17,2.59,0.66,0,39,31,Harmful Gas
44,23,77,255,9.82,0.29,-3.65,-0.17,2.59,0.66,0,39,31,Harmful Gas
42,23,78,248,9.79,0.23,-3.58,-0.17,2.59,0.66,0,40,31,Harmful Gas
40,22,77,215,9.77,0.32,-3.63,-0.17,2.59,0.66,0,40,31,Harmful Gas
40,23,75,249,9.79,0.27,-3.61,-0.17,2.59,0.66,0,40,31,Harmful Gas
37,22,78,236,9.77,0.27,-3.61,-0.17,2.59,0.66,0,40,31,Harmful Gas
35,21,77,279,9.82,0.28,-3.53,-0.17,2.59,0.66,0,39,31,Harmful Gas
35,21,76,156,9.79,0.29,-3.57,-0.17,2.59,0.66,0,39,31,Harmful Gas
32,17,77,255,9.82,0.24,-3.62,-0.17,2.59,0.66,0,39,31,Harmful Gas
31,18,77,248,9.73,0.26,-3.59,-0.17,2.59,0.66,0,39,32,Harmful Gas
30,17,77,215,9.79,0.26,-3.74,-0.17,2.59,0.66,0,39,31,Harmful Gas
28,18,77,249,9.77,0.25,-3.58,-0.17,2.59,0.66,0,40,32,Harmful Gas
28,18,77,236,9.72,0.24,-3.6,-0.17,2.59,0.66,0,39,32,Harmful Gas
25,18,77,279,9.85,0.24,-3.59,-0.17,2.59,0.66,0,39,31,Harmful Gas
25,18,78,156,9.78,0.26,-3.53,-0.17,2.59,0.66,0,40,31,Harmful Gas
93,191,86,87,3.1,-9.6,-0.35,0,0,0,0,39,32,Walking
0,116,86,86,4.48,-9.83,0.27,0,0,0,0,39,32,Walking
255,229,84,87,4.2,-9.54,1.35,0,0,0,0,40,32,Walking
224,142,85,87,8.48,-17.95,-2.77,-0.75,0.3,0,0,37,28,Walking
21,27,87,86,2.2,-8.67,-1.95,-0.75,0.3,0,0,40,32,Walking
196,252,83,86,3.03,-7.55,-1.14,-0.75,0.3,0,0,39,32,Walking
227,195,87,85,5.71,-9.48,3.22,1.05,-1.32,0,0,39,32,Walking
132,64,83,85,2.04,-10.4,-1.33,1.05,-1.75,0,0,39,32,Walking
68,210,86,84,3.29,-8.39,0.67,0.48,-1.75,0,0,39,31,Walking
186,216,85,87,4.87,-9.11,-0.12,0.48,-1.75,0,0,39,32,Walking
47,3,84,81,3.68,-9.13,0.33,0.48,-1.75,0,0,41,31,Walking
85,32,86,84,1.76,-15.15,0.31,0.48,-1.75,0,0,38,32,Walking
249,197,86,85,3.11,-9.86,-3.18,-0.61,-1.48,0,0,38,31,Walking
11,44,85,87,2.58,-10.08,-0.86,-0.61,-1.48,0,0,40,32,Walking
75,34,87,85,1.04,-11.93,-0.02,-0.61,-1.48,0,0,39,31,Walking
45,225,86,86,2.38,-9.34,-1.16,-0.61,-1.48,0,0,38,32,Walking
23,188,85,85,2.64,-7.96,-1.14,-0.61,-1.48,0,0,39,32,Walking
99,96,85,85,0.13,-14.31,-1.9,-0.61,-1.48,0,0,39,32,Walking
84,204,83,85,0.76,-7.76,0.24,-0.61,-1.48,0,0,39,32,Walking
177,209,85,85,5.43,-12.04,0.34,-0.61,-1.81,0,0,38,31,Walking
44,217,84,84,4.09,-7.31,-2.35,0.57,-2.21,0,0,39,31,Walking
8,237,83,82,2.59,-9.85,-1.28,1.17,-2.21,0,0,39,32,Walking
73,243,84,84,2.73,-9.61,-0.95,0.26,-1.92,0,0,39,32,Walking
178,131,84,84,2.01,-6.89,-1.63,0.26,-1.92,0,0,39,32,Walking
223,13,83,84,3.25,-10.65,1.25,0.26,-1.92,0,0,39,31,Walking
175,214,86,84,2.6,-8.37,-1.79,0.96,-1.92,0,0,39,31,Walking
71,8,83,84,3.27,-8.47,1.09,0.96,-1.92,0,0,39,32,Walking
236,246,84,84,4.7,-10.8,2.51,0.96,-1.92,0,0,40,32,Walking
33,108,84,84,1.87,-9.7,-3.54,0.96,-1.92,0,0,38,32,Walking
243,225,82,85,0.67,-12.06,-0.11,0.96,-1.92,0,0,38,31,Walking
73,54,87,87,3.62,-9.01,0.25,0.96,-1.92,0,0,39,32,Walking
92,171,92,92,3.68,-8.06,1.2,0.96,-1.92,0,0,39,31,Walking
91,69,95,95,3.29,-7.37,-0.19,0.12,-1.92,0,0,39,32,Walking
125,92,96,95,2.73,-9.48,-0.75,0.12,-1.92,0,0,39,32,Walking
7,73,95,98,2.74,-8.05,-1.67,0.92,-1.92,0,0,39,32,Walking
70,42,94,96,2.96,-6.9,-0.72,1.92,-1.92,0,0,39,31,Walking
16,185,94,93,3.73,-8.46,0.3,1.92,-1.92,0,0,39,32,Walking
10,5,93,94,3.73,-10.96,1.82,1.92,-1.92,0,0,39,32,Walking
6,52,89,93,-0.43,-10.1,-0.22,1.92,-1.92,0,0,38,31,Walking
220,9,90,93,2.77,-9.22,-1.6,1.92,-1.92,0,0,39,32,Walking
40,220,91,90,2.91,-7.72,-0.46,1.92,-1.92,0,0,39,32,Walking
168,244,92,90,3.44,-8.95,-2.72,3.48,-2.24,0.39,0,38,32,Walking
32,154,91,88,2.55,-8.85,-0.51,3.48,-2.24,0.39,0,39,31,Walking
182,186,89,91,3.29,-11.15,2.4,2.91,-1.89,0.39,1,39,32,Walking
189,201,86,89,2.03,-15.47,1.44,2.91,-1.89,0.39,1,39,32,Walking
185,238,87,89,2,-8.94,-3.25,2.91,-1.89,0.39,0,39,31,Walking
147,122,89,85,2.98,-8.29,-0.93,2.91,-1.89,0.39,0,39,31,Walking
41,118,86,89,2.71,-7.36,-1.08,3.54,-1.89,0.39,0,39,31,Walking
218,19,87,87,4.18,-10.89,-0.61,4.4,-2.18,0.39,0,39,31,Walking
90,115,87,88,2.9,-9.58,-0.79,4.4,-2.18,0.39,0,39,32,Walking
60,78,87,85,1.2,-13.22,-0.34,4.4,-2.51,0.39,0,39,32,Walking
119,108,85,85,3.39,-9.64,-0.07,4.4,-2.51,0.39,0,40,30,Walking
158,145,84,85,2.4,-9.07,-1.6,4.4,-2.51,0.39,0,40,32,Walking
8,222,84,86,3.89,-9.33,-0.37,4.4,-2.51,0.39,0,35,27,Walking
221,245,86,85,4.1,-9.18,-0.2,4.4,-2.51,0.39,0,40,31,Walking
198,170,84,83,3.33,-9.93,-0.28,4.4,-2.51,0.39,0,39,32,Walking
46,231,83,84,3.92,-8.25,-1.22,4.4,-2.51,0.39,0,40,31,Walking
104,213,83,83,4.17,-9.37,0.96,4.4,-2.51,0.39,0,39,32,Walking
60,103,83,83,3.76,-9.23,1.22,4.4,-2.51,0.39,0,39,31,Walking
204,114,83,83,2.21,-9.51,-2.29,4.4,-2.51,0.39,0,39,31,Walking
28,51,82,83,5.75,-10.96,-0.74,4.4,-2.51,0.39,0,39,32,Walking
218,66,83,83,3.82,-9.71,-0.05,4.4,-2.51,0.39,0,39,31,Walking
109,173,82,82,4.41,-15.52,2.08,3.78,-2.51,0.39,0,39,32,Walking
136,148,82,83,2.23,-8.96,-1.94,3.78,-2.51,0.39,0,40,31,Walking
76,146,83,82,2.42,-8.34,-0.7,3.78,-2.51,0.39,0,39,31,Walking
169,94,83,84,1.7,-8.4,-3.71,4.88,-2.84,0.79,0,39,32,Walking
234,17,83,83,3.73,-8.93,-0.44,5.49,-2.84,0.79,0,40,32,Walking
184,74,82,82,3.33,-9,-1.16,5.49,-2.84,0.79,0,40,32,Walking
191,72,83,82,2.92,-9.02,-0.37,5.49,-2.84,0.79,1,37,28,Walking
144,15,82,81,3.15,-6.56,0.32,5.49,-2.84,0.79,0,40,31,Walking
199,191,84,82,4.86,-7.36,-0.57,6.15,-3.16,0.79,0,40,32,Walking
24,101,84,82,4.14,-8.62,1.53,6.15,-2.89,0.79,0,40,32,Walking
60,82,81,82,3.39,-9.55,-1.77,6.15,-2.89,0.79,0,40,31,Walking
34,186,81,82,2.83,-9.41,0.21,6.15,-2.89,0.79,0,39,31,Walking
211,20,83,82,2.95,-11.43,1.86,6.74,-2.89,0.79,1,39,31,Walking
10,132,81,83,1.03,-9.74,-2.09,6.74,-2.89,0.79,0,39,31,Walking
102,91,82,82,3.03,-9.04,-0.22,7.3,-2.89,0.79,0,41,30,Walking
164,83,83,81,3.57,-10.16,-0.67,7.3,-2.89,0.79,0,38,28,Walking
4,29,80,83,0.85,-9.09,0.19,7.3,-2.89,0.79,0,40,31,Walking
145,139,83,83,-0.89,-8.18,-0.64,7.3,-2.59,0.79,1,40,30,Walking
210,37,83,81,1.87,-11.13,0.85,7.3,-2.59,0.79,0,39,31,Walking
69,66,82,82,1.11,-7.7,-0.42,6.53,-2.21,0.79,0,39,31,Walking
198,17,82,81,2.66,-9.17,-0.58,6.53,-2.21,0.79,0,39,32,Walking
154,30,82,82,2.68,-8.42,-0.58,6.53,-2.21,0.79,0,40,30,Walking
197,15,82,82,4.13,-9.05,-1.1,7.55,-2.48,0.79,0,39,31,Walking
149,178,82,82,2.49,-9.54,0.86,7.55,-2.48,0.79,0,41,31,Walking
213,190,82,82,3.66,-10.72,1.47,7.55,-2.48,0.79,0,39,31,Walking
52,1,81,83,3.13,-9.23,0.43,7.55,-2.48,0.79,0,40,31,Walking
0,133,81,82,3.29,-8.3,0.29,6.89,-2.09,0.79,0,40,31,Walking
0,71,81,82,1.6,-12.11,0.13,6.89,-2.09,0.79,0,40,31,Walking
186,45,83,82,3.99,-9.5,-0.04,6.89,-2.09,0.79,0,39,31,Walking
10,219,82,82,1.49,-9.36,-1.93,7.55,-2.09,0.79,0,40,31,Walking
143,64,84,82,1.51,-5.81,-1.23,7.55,-2.09,0.79,0,40,31,Walking
237,22,82,82,5.83,-15.14,1.14,7.55,-2.09,0.79,0,40,31,Walking
56,72,81,80,3.9,-7.82,1.28,8.34,-2.09,0.79,0,40,31,Walking
192,76,81,82,4.22,-10.72,1.78,8.34,-2.09,0.79,0,40,31,Walking
95,250,80,81,0.91,-9.27,0.82,8.34,-2.09,0.79,0,39,31,Walking
225,7,82,80,4.23,-7.41,0.36,8.34,-2.09,0.79,0,40,31,Walking
128,16,81,83,3.18,-8.45,1.48,8.34,-2.09,0.79,0,40,31,Walking
23,34,82,80,3.04,-10.15,2.07,8.34,-2.09,0.79,0,39,31,Walking
81,58,81,81,2.75,-9.88,-0.52,8.34,-2.09,0.79,0,40,31,Walking
204,136,80,80,6.49,-9.53,-1.43,9,-2.51,0.79,1,39,32,Walking
96,73,81,83,3.96,-8.98,1.79,9,-2.51,0.79,0,38,28,Walking
17,54,82,84,0.19,-9.01,-2.91,9.78,-2.51,0.79,0,40,31,Walking
78,28,82,80,4.32,-8.6,0.59,9.78,-2.78,0.79,0,40,31,Walking
178,12,82,83,2.79,-8.35,1.22,9.78,-2.78,0.79,0,39,31,Walking
235,28,83,82,4.87,-8.42,4.13,9.78,-2.78,0.79,0,40,32,Walking
140,111,82,83,0.43,-15.79,3.77,9.78,-2.78,0.79,0,39,31,Walking
195,31,83,87,3.43,-9.82,-0.36,9.78,-2.78,0.79,1,40,31,Walking
225,237,81,81,2.18,-9.72,-5.1,11.44,-3.36,0.79,1,39,32,Walking
35,81,81,85,3.07,-6.81,1.06,11.44,-3.68,0.79,0,40,32,Walking
70,234,83,78,4.32,-7.81,3.08,12.43,-3.39,0.79,0,39,31,Walking
99,150,80,82,1.62,-8.97,-0.34,12.43,-2.89,0.29,0,35,28,Walking
23,195,82,84,0.34,-10.74,-1.18,11.15,-3.55,1.01,0,39,31,Walking
49,26,83,83,1.92,-10.71,0.71,12.6,-3.25,0.55,0,41,30,Walking
45,235,82,83,1.41,-6.99,-0.06,11.35,-3.55,1.15,0,39,31,Walking
175,227,83,82,1.8,-12.08,-0.41,12.61,-3.55,1.15,0,40,32,Walking
168,55,83,80,0.78,0.09,-0.97,12.61,-3.55,1.15,0,40,31,Walking
63,210,82,82,-0.3,-5.68,-1.06,12.61,-3.55,1.15,0,40,31,Walking
134,112,82,82,0.72,-8.23,-4.09,13.2,-3.89,1.15,0,37,27,Walking
173,71,83,82,3.65,-10.06,-0.18,14.37,-4.37,1.15,0,39,32,Walking
162,43,82,83,2.48,-9.91,-1.91,14.37,-4.37,1.15,0,34,29,Walking
186,32,83,83,2.99,-7.35,-0.61,14.37,-4.37,1.15,0,40,31,Walking
216,32,85,84,3.08,-9.18,0.43,14.37,-4.37,1.15,0,40,31,Walking
208,150,82,83,0.67,-6.83,0.33,14.37,-4.37,1.15,0,39,32,Walking
179,223,83,83,1.62,-9.97,-1.85,14.37,-4.37,1.15,0,39,31,Walking
78,20,83,84,2.43,-12.37,-0.78,14.37,-4.78,1.15,0,39,32,Walking
40,223,85,83,8.26,-5.61,1.56,14.37,-4.78,1.15,0,40,31,Walking
2,8,83,83,2.2,-9.93,-4.17,14.37,-4.78,1.15,0,40,30,Walking
216,80,83,84,3.55,-9.45,0.44,15.53,-4.78,1.15,0,40,30,Walking
71,0,85,84,2.99,-8.88,-0.46,15.53,-4.78,1.15,0,40,32,Walking
101,235,83,87,1.24,-18.96,0.51,15.53,-4.78,1.15,0,41,30,Walking
229,54,85,84,4.12,-7.89,1.32,15.53,-4.78,1.15,0,36,27,Walking
10,180,84,86,2.11,-9.43,-2.5,15.53,-4.78,1.15,0,38,27,Walking
190,248,87,85,1.81,-11.34,-0.27,15.53,-4.78,1.15,0,40,31,Walking
238,107,85,83,3.97,-8.08,1.4,16.81,-5.32,1.15,0,40,31,Walking
40,211,86,84,3.02,-9.4,0.95,16.81,-5.32,1.15,0,40,31,Walking
155,38,85,80,2.85,-10.49,-2.48,16.81,-5.32,1.15,0,39,31,Walking
6,169,81,87,2.38,-8.88,-0.48,16.81,-5.32,1.15,0,39,31,Walking
41,79,84,84,-1.46,-16.1,3.6,16.23,-5.32,1.15,0,40,32,Walking
189,135,85,86,3.5,-8.57,0.05,16.23,-5.32,1.15,0,40,31,Walking
252,70,83,85,-1.02,-11.91,1.23,16.23,-5.32,1.15,0,38,31,Walking
79,172,82,86,2.11,-8.65,-1.56,16.23,-5.32,1.15,0,34,25,Walking
28,216,84,83,0.86,-8.02,-1.28,17.64,-5.61,1.72,0,40,32,Walking
11,3,84,85,4.06,-7.99,0.93,18.54,-5.61,1.72,0,38,31,Walking
70,122,85,84,2.17,-8.9,-0.69,18.54,-5.61,1.72,0,41,30,Walking
76,59,86,84,4.07,-7.74,1.17,18.54,-5.9,1.72,0,38,27,Walking
170,198,84,84,3.91,-7.94,1.23,17.9,-5.9,1.72,0,39,31,Walking
32,99,84,83,0.78,-8.65,1.52,17.9,-5.9,1.72,0,40,31,Walking
130,70,84,84,1.71,-8.81,-1.75,17.9,-5.9,1.72,0,40,32,Walking
164,167,86,84,-5.61,-15.67,-1.45,17.9,-6.37,2.19,0,38,28,Walking
45,249,84,83,3.45,-9.84,1.07,18.8,-6.37,2.19,0,41,30,Walking
253,46,83,84,2.96,-8.58,-0.57,18.8,-6.37,2.19,0,40,32,Walking
12,204,83,84,2.58,-12.29,-0.33,18.8,-6.37,2.19,0,40,31,Walking
36,74,82,83,4.98,-12.66,1.12,18.8,-6.76,2.19,0,40,32,Walking
73,0,86,80,3.03,-8.68,-0.12,19.45,-6.76,2.19,0,40,31,Walking
95,103,84,84,0.78,-9.24,0.41,19.45,-6.76,2.19,0,39,31,Walking
190,113,84,83,2.4,-8.79,-1.53,19.45,-6.76,2.19,0,40,31,Walking
218,112,84,84,3.78,-8.75,-0.76,20.72,-6.76,2.55,1,41,30,Walking
107,14,82,84,4.22,-9.5,1.65,20.72,-6.76,2.55,0,40,32,Walking
93,85,84,84,-0.28,-7.95,0.06,20.72,-6.76,2.55,0,39,32,Walking
94,235,84,84,3.91,-9.11,0.12,20.72,-6.76,2.55,0,40,31,Walking
196,0,84,83,2.54,-9.67,-1.31,20.72,-6.76,2.55,0,38,27,Walking
30,216,83,84,-1.83,-14.28,1.36,20.72,-6.76,2.55,0,40,31,Walking
31,121,82,83,2.8,-9.01,0.61,20.72,-6.76,2.55,0,41,31,Walking
234,33,84,85,5.41,-8.72,2.68,20.72,-6.76,2.55,0,39,31,Walking
180,68,83,83,5.1,-8.15,0.42,22.07,-6.76,2.55,0,40,31,Walking
102,46,83,84,1.79,-9.84,0.49,22.07,-6.76,2.55,0,36,27,Walking
230,107,83,83,3.59,-8,0.57,22.07,-6.76,2.55,0,40,31,Walking
194,5,83,85,2.79,-9.4,1.34,22.07,-6.76,2.55,0,40,31,Walking
205,43,86,84,5.37,-7.21,1.58,22.8,-7.24,2.55,0,40,32,Walking
187,141,82,87,2.66,-7.99,0.4,22.8,-7.24,2.55,0,40,31,Walking
130,162,83,84,6.17,-8.17,0.86,22.8,-7.24,2.55,0,40,32,Walking
112,12,81,86,4.62,-11.59,-1.38,23.39,-7.24,2.55,0,40,31,Walking
122,230,82,84,2.95,-8.41,-1.19,23.39,-7.24,2.55,0,41,30,Walking
84,33,84,83,1.89,-10.38,-0.57,23.39,-7.24,2.55,0,40,31,Walking
6,140,84,85,-1.63,-19.16,4.95,22.61,-7.24,2.55,0,34,28,Walking
41,145,85,83,3.67,-7.78,1.41,22.61,-7.24,2.55,0,41,30,Walking
213,112,85,85,3.49,-8.3,0.73,22.61,-7.24,2.55,0,40,31,Walking
0,91,85,84,-0.58,-7.19,-0.6,22.61,-7.24,2.55,0,39,31,Walking
108,64,86,82,1.99,-8.75,-4.36,23.71,-7.24,2.55,0,40,32,Walking
195,208,86,82,3.8,-8.48,-0.05,23.71,-7.24,2.55,0,40,32,Walking
139,170,84,84,3.36,-7.7,0.33,23.71,-7.24,2.55,0,39,28,Walking
0,85,83,82,3.87,-8.85,2.26,22.89,-7.24,2.55,0,40,32,Walking
160,236,83,83,4.34,-11.03,-0.45,22.89,-7.24,2.55,0,40,31,Walking
125,215,83,83,2.42,-9.53,-2.09,22.89,-7.24,2.55,0,40,30,Walking
109,0,83,85,1.79,-13.53,0.28,22.89,-7.24,2.55,0,40,28,Walking
204,216,84,84,5.03,-11.03,-0.25,24.1,-7.66,2.55,0,40,31,Walking
164,214,85,82,4.24,-7.72,1.21,24.1,-7.66,2.55,0,40,31,Walking
67,160,85,84,2.54,-9.39,-1.41,24.1,-7.66,2.55,0,36,29,Walking
29,228,83,83,3.23,-8.61,0.7,24.1,-7.66,2.55,0,40,31,Walking
225,139,84,83,3.27,-9.1,-0.22,24.1,-7.66,2.55,0,40,31,Walking
41,142,85,83,3.36,-8.96,2.19,24.1,-7.66,2.55,1,39,32,Walking
109,56,84,80,3.37,-12.49,1.97,24.1,-7.66,2.55,0,40,31,Walking
42,10,83,83,0.47,-10.6,-1.07,24.1,-7.66,2.55,0,40,31,Walking
163,64,83,83,1.58,-10.05,1.35,24.1,-7.66,2.55,3,39,31,Walking
234,254,83,83,-0.32,-7.38,-2.6,24.1,-7.66,2.55,5,40,31,Walking
85,0,83,83,3.22,-8.96,-0.73,24.1,-7.66,2.55,0,40,31,Walking
214,113,83,83,2.37,-9.4,-1.45,24.1,-7.66,2.55,0,37,28,Walking
79,183,84,83,1.59,-9.57,-1.78,24.81,-7.66,2.55,0,40,31,Walking
104,141,84,84,4.02,-8.84,0.31,25.55,-7.66,2.55,0,41,31,Walking
190,211,85,85,2.44,-9.62,-0.83,25.55,-7.66,2.55,0,40,30,Walking
178,189,83,83,2.55,-9.41,-0.23,25.55,-7.66,2.55,0,38,28,Walking
27,135,83,82,2.38,-8.93,0.53,25.55,-7.66,2.55,0,39,31,Walking
46,36,83,83,3.36,-9.22,-0.98,25.55,-7.66,2.55,0,32,26,Walking
190,48,80,82,2.57,-12.92,0.16,25.55,-7.66,2.55,0,40,31,Walking
0,255,83,83,3.72,-10.41,1.07,25.55,-7.66,2.55,0,40,32,Walking
150,202,83,84,0.04,-9.83,-2.51,26.22,-7.66,2.55,0,40,31,Walking
85,75,84,82,2.84,-9.85,0.21,26.22,-7.66,2.55,0,39,31,Walking
20,224,84,82,1.69,-10.55,-1.53,26.22,-7.66,2.55,1,40,31,Walking
1,90,80,80,2.91,-8.96,-0.72,26.22,-7.66,2.55,0,40,31,Walking
104,132,87,80,2.09,-8.37,1.25,25.49,-7.21,2.55,0,39,31,Walking
95,131,82,82,2.84,-9.87,-0.15,25.49,-7.21,2.55,0,40,31,Walking
201,200,81,82,4.36,-8.38,2.71,25.49,-7.21,2.55,0,35,27,Walking
175,91,81,82,3.91,-8.45,1.19,25.49,-7.21,2.17,0,40,31,Walking
255,0,82,83,3.47,-9.75,-1.69,25.49,-7.21,2.17,0,40,31,Walking
76,93,82,83,3.79,-8.91,-0.15,25.49,-7.21,2.17,0,40,31,Walking
0,0,84,84,1.14,-10.44,-2.62,26.11,-7.21,2.17,0,39,31,Walking
85,204,83,84,1.98,-10.1,-1.31,26.11,-7.21,2.17,0,39,32,Walking
21,7,83,84,3.1,-9.27,1.03,26.11,-7.21,2.17,0,39,31,Walking
203,86,85,84,2.12,-9.42,-1.51,26.11,-7.21,2.17,0,39,31,Walking
28,231,83,84,3.26,-9.65,-0.81,26.11,-7.21,2.17,0,41,30,Walking
87,97,83,82,3.13,-9.49,-0.48,26.11,-7.21,2.17,0,40,31,Walking
58,80,85,83,3.23,-9.48,-0.54,26.11,-7.21,2.17,0,40,31,Walking
104,32,80,82,3.33,-9.49,-0.38,26.11,-7.21,2.17,0,38,28,Walking
29,228,82,82,3.38,-9.56,-0.54,26.11,-7.21,2.17,0,39,31,Walking
210,205,82,82,3.36,-9.49,-0.35,26.11,-7.21,2.17,0,40,31,Walking
113,144,82,82,3.26,-9.34,0.87,26.11,-7.21,2.17,0,39,31,Walking
40,50,82,83,2.86,-9.78,-0.5,26.11,-7.21,2.17,0,40,32,Walking
8,68,82,82,2.96,-9.5,-0.33,26.11,-7.21,2.17,0,40,31,Walking
56,1,82,81,0.28,-13.29,0.9,26.11,-7.21,2.17,0,39,27,Walking
208,26,83,84,2.31,-8.81,0.29,26.11,-7.21,2.17,0,40,31,Walking
130,197,81,80,3.31,-8.38,0.31,26.11,-7.21,2.17,0,39,31,Walking
126,152,82,82,3.95,-9.74,1.38,26.11,-7.21,2.17,0,39,31,Walking
91,189,81,81,3.77,-10.85,-1.34,26.7,-7.21,2.17,0,37,28,Walking
